Plate,Time,Plate_replicate,Well,Well_replicate,Type,Abs
P_1032,15,A,A1,A,Unknown,2.1248
P_1032,15,A,A2,A,Unknown,2.7291
P_1032,15,A,A3,A,Unknown,2.4726
P_1032,15,A,A4,A,Unknown,3.0772
P_1032,15,A,A5,A,Unknown,1.4274
P_1032,15,A,A6,A,Blank,0.096473
P_1032,15,A,B1,A,Unknown,1.0254
P_1032,15,A,B2,A,Unknown,2.5304
P_1032,15,A,B3,A,Unknown,1.6001
P_1032,15,A,B4,A,Unknown,2.6553
P_1032,15,A,B5,A,Unknown,1.5635
P_1032,15,A,B6,A,Blank,0.07331
P_1032,15,A,C1,A,Unknown,0.88173
P_1032,15,A,C2,A,Unknown,2.5052
P_1032,15,A,C3,A,Unknown,2.1841
P_1032,15,A,C4,A,Unknown,2.4571
P_1032,15,A,C5,A,Unknown,2.2256
P_1032,15,A,C6,A,Blank,0.062441
P_1032,15,A,D1,A,Unknown,2.5469
P_1032,15,A,D2,A,Unknown,2.5476
P_1032,15,A,D3,A,Unknown,2.5966
P_1032,15,A,D4,A,Unknown,2.4464
P_1032,15,A,D5,A,Unknown,0.58197
P_1032,15,A,D6,A,Blank,0.059013
P_1032,15,A,E1,A,Unknown,0.92949
P_1032,15,A,E2,A,Unknown,2.6308
P_1032,15,A,E3,A,Unknown,2.0041
P_1032,15,A,E4,A,Unknown,1.2002
P_1032,15,A,E5,A,Unknown,2.2146
P_1032,15,A,E6,A,Blank,0.058333
P_1032,15,A,F1,A,Unknown,2.9039
P_1032,15,A,F2,A,Unknown,2.7241
P_1032,15,A,F3,A,Unknown,1.1282
P_1032,15,A,F4,A,Unknown,2.0222
P_1032,15,A,F5,A,Unknown,1.8829
P_1032,15,A,F6,A,Negative,0.10248
P_1032,15,A,G1,A,Unknown,2.4939
P_1032,15,A,G2,A,Unknown,1.9545
P_1032,15,A,G3,A,Unknown,1.6496
P_1032,15,A,G4,A,Unknown,2.5009
P_1032,15,A,G5,A,Unknown,2.735
P_1032,15,A,G6,A,Positive,2.6221
P_1032,15,A,H1,A,Unknown,3.0094
P_1032,15,A,H2,A,Unknown,1.0668
P_1032,15,A,H3,A,Unknown,1.3865
P_1032,15,A,H4,A,Unknown,2.0472
P_1032,15,A,H5,A,Unknown,2.7473
P_1032,15,A,H6,A,Positive,2.7803
P_1032,15,A,A7,B,Unknown,1.5028
P_1032,15,A,A8,B,Unknown,2.4445
P_1032,15,A,A9,B,Unknown,2.0984
P_1032,15,A,A10,B,Unknown,2.9848
P_1032,15,A,A11,B,Unknown,1.5224
P_1032,15,A,A12,B,Blank,0.079517
P_1032,15,A,B7,B,Unknown,0.77565
P_1032,15,A,B8,B,Unknown,2.5418
P_1032,15,A,B9,B,Unknown,1.432
P_1032,15,A,B10,B,Unknown,2.6826
P_1032,15,A,B11,B,Unknown,1.5524
P_1032,15,A,B12,B,Blank,0.060688
P_1032,15,A,C7,B,Unknown,0.672
P_1032,15,A,C8,B,Unknown,2.5233
P_1032,15,A,C9,B,Unknown,2.0055
P_1032,15,A,C10,B,Unknown,2.4873
P_1032,15,A,C11,B,Unknown,2.2158
P_1032,15,A,C12,B,Blank,0.060904
P_1032,15,A,D7,B,Unknown,2.471
P_1032,15,A,D8,B,Unknown,2.399
P_1032,15,A,D9,B,Unknown,2.5738
P_1032,15,A,D10,B,Unknown,2.4696
P_1032,15,A,D11,B,Unknown,0.49555
P_1032,15,A,D12,B,Blank,0.061717
P_1032,15,A,E7,B,Unknown,0.76701
P_1032,15,A,E8,B,Unknown,2.3861
P_1032,15,A,E9,B,Unknown,1.8854
P_1032,15,A,E10,B,Unknown,0.90523
P_1032,15,A,E11,B,Unknown,1.9409
P_1032,15,A,E12,B,Blank,0.06402
P_1032,15,A,F7,B,Unknown,2.9347
P_1032,15,A,F8,B,Unknown,2.7636
P_1032,15,A,F9,B,Unknown,1.4825
P_1032,15,A,F10,B,Unknown,1.8657
P_1032,15,A,F11,B,Unknown,1.5719
P_1032,15,A,F12,B,Negative,0.10188
P_1032,15,A,G7,B,Unknown,2.931
P_1032,15,A,G8,B,Unknown,2.01
P_1032,15,A,G9,B,Unknown,1.7532
P_1032,15,A,G10,B,Unknown,2.1525
P_1032,15,A,G11,B,Unknown,2.5728
P_1032,15,A,G12,B,Positive,2.8182
P_1032,15,A,H7,B,Unknown,2.837
P_1032,15,A,H8,B,Unknown,0.71324
P_1032,15,A,H9,B,Unknown,2.5483
P_1032,15,A,H10,B,Unknown,1.8198
P_1032,15,A,H11,B,Unknown,2.1475
P_1032,15,A,H12,B,Positive,2.6877
P_1032,15,B,A1,A,Unknown,1.866
P_1032,15,B,A2,A,Unknown,2.2044
P_1032,15,B,A3,A,Unknown,2.0188
P_1032,15,B,A4,A,Unknown,2.3852
P_1032,15,B,A5,A,Unknown,1.3689
P_1032,15,B,A6,A,Blank,0.068415
P_1032,15,B,B1,A,Unknown,1.025
P_1032,15,B,B2,A,Unknown,2.4514
P_1032,15,B,B3,A,Unknown,1.4467
P_1032,15,B,B4,A,Unknown,2.5476
P_1032,15,B,B5,A,Unknown,1.5617
P_1032,15,B,B6,A,Blank,0.083234
P_1032,15,B,C1,A,Unknown,0.93402
P_1032,15,B,C2,A,Unknown,2.4696
P_1032,15,B,C3,A,Unknown,2.0325
P_1032,15,B,C4,A,Unknown,2.3353
P_1032,15,B,C5,A,Unknown,2.0893
P_1032,15,B,C6,A,Blank,0.082386
P_1032,15,B,D1,A,Unknown,2.4761
P_1032,15,B,D2,A,Unknown,2.4035
P_1032,15,B,D3,A,Unknown,2.4489
P_1032,15,B,D4,A,Unknown,2.1613
P_1032,15,B,D5,A,Unknown,0.49572
P_1032,15,B,D6,A,Blank,0.084725
P_1032,15,B,E1,A,Unknown,0.94098
P_1032,15,B,E2,A,Unknown,2.4108
P_1032,15,B,E3,A,Unknown,1.9417
P_1032,15,B,E4,A,Unknown,0.95255
P_1032,15,B,E5,A,Unknown,1.9599
P_1032,15,B,E6,A,Blank,0.08457
P_1032,15,B,F1,A,Unknown,2.9156
P_1032,15,B,F2,A,Unknown,2.7239
P_1032,15,B,F3,A,Unknown,1.6233
P_1032,15,B,F4,A,Unknown,1.6647
P_1032,15,B,F5,A,Unknown,1.4649
P_1032,15,B,F6,A,Negative,0.10427
P_1032,15,B,G1,A,Unknown,2.7708
P_1032,15,B,G2,A,Unknown,2.2047
P_1032,15,B,G3,A,Unknown,2.053
P_1032,15,B,G4,A,Unknown,2.0784
P_1032,15,B,G5,A,Unknown,2.3089
P_1032,15,B,G6,A,Positive,2.2353
P_1032,15,B,H1,A,Unknown,2.7677
P_1032,15,B,H2,A,Unknown,1.081
P_1032,15,B,H3,A,Unknown,2.6612
P_1032,15,B,H4,A,Unknown,1.8234
P_1032,15,B,H5,A,Unknown,2.2102
P_1032,15,B,H6,A,Positive,2.3967
P_1032,15,B,A7,B,Unknown,1.4766
P_1032,15,B,A8,B,Unknown,2.0079
P_1032,15,B,A9,B,Unknown,1.8743
P_1032,15,B,A10,B,Unknown,2.7784
P_1032,15,B,A11,B,Unknown,1.3367
P_1032,15,B,A12,B,Blank,0.13278
P_1032,15,B,B7,B,Unknown,0.87229
P_1032,15,B,B8,B,Unknown,2.3109
P_1032,15,B,B9,B,Unknown,1.5125
P_1032,15,B,B10,B,Unknown,2.4608
P_1032,15,B,B11,B,Unknown,1.3781
P_1032,15,B,B12,B,Blank,0.10635
P_1032,15,B,C7,B,Unknown,0.72495
P_1032,15,B,C8,B,Unknown,2.2245
P_1032,15,B,C9,B,Unknown,1.7278
P_1032,15,B,C10,B,Unknown,2.3037
P_1032,15,B,C11,B,Unknown,1.9726
P_1032,15,B,C12,B,Blank,0.11237
P_1032,15,B,D7,B,Unknown,2.2994
P_1032,15,B,D8,B,Unknown,2.2758
P_1032,15,B,D9,B,Unknown,2.3717
P_1032,15,B,D10,B,Unknown,2.1747
P_1032,15,B,D11,B,Unknown,0.44826
P_1032,15,B,D12,B,Blank,0.099422
P_1032,15,B,E7,B,Unknown,0.62934
P_1032,15,B,E8,B,Unknown,2.1559
P_1032,15,B,E9,B,Unknown,1.7504
P_1032,15,B,E10,B,Unknown,0.85478
P_1032,15,B,E11,B,Unknown,1.9113
P_1032,15,B,E12,B,Blank,0.13694
P_1032,15,B,F7,B,Unknown,2.7452
P_1032,15,B,F8,B,Unknown,2.6137
P_1032,15,B,F9,B,Unknown,1.3103
P_1032,15,B,F10,B,Unknown,1.6915
P_1032,15,B,F11,B,Unknown,1.5301
P_1032,15,B,F12,B,Negative,0.13267
P_1032,15,B,G7,B,Unknown,2.7605
P_1032,15,B,G8,B,Unknown,1.7124
P_1032,15,B,G9,B,Unknown,1.5941
P_1032,15,B,G10,B,Unknown,1.8832
P_1032,15,B,G11,B,Unknown,2.4345
P_1032,15,B,G12,B,Positive,2.3332
P_1032,15,B,H7,B,Unknown,2.7322
P_1032,15,B,H8,B,Unknown,0.72508
P_1032,15,B,H9,B,Unknown,2.5126
P_1032,15,B,H10,B,Unknown,1.5133
P_1032,15,B,H11,B,Unknown,2.4201
P_1032,15,B,H12,B,Positive,2.3851
P_1032,15,C,A1,A,Unknown,1.2234
P_1032,15,C,A2,A,Unknown,1.7964
P_1032,15,C,A3,A,Unknown,1.4839
P_1032,15,C,A4,A,Unknown,1.9591
P_1032,15,C,A5,A,Unknown,0.86078
P_1032,15,C,A6,A,Blank,0.079841
P_1032,15,C,B1,A,Unknown,0.65441
P_1032,15,C,B2,A,Unknown,1.7337
P_1032,15,C,B3,A,Unknown,0.88988
P_1032,15,C,B4,A,Unknown,1.5414
P_1032,15,C,B5,A,Unknown,0.9598
P_1032,15,C,B6,A,Blank,0.058252
P_1032,15,C,C1,A,Unknown,0.63016
P_1032,15,C,C2,A,Unknown,1.8252
P_1032,15,C,C3,A,Unknown,1.4279
P_1032,15,C,C4,A,Unknown,1.4454
P_1032,15,C,C5,A,Unknown,1.4178
P_1032,15,C,C6,A,Blank,0.060922
P_1032,15,C,D1,A,Unknown,1.9474
P_1032,15,C,D2,A,Unknown,1.8216
P_1032,15,C,D3,A,Unknown,1.7611
P_1032,15,C,D4,A,Unknown,1.3492
P_1032,15,C,D5,A,Unknown,0.2832
P_1032,15,C,D6,A,Blank,0.059929
P_1032,15,C,E1,A,Unknown,0.58178
P_1032,15,C,E2,A,Unknown,1.7711
P_1032,15,C,E3,A,Unknown,1.1337
P_1032,15,C,E4,A,Unknown,0.48449
P_1032,15,C,E5,A,Unknown,1.3232
P_1032,15,C,E6,A,Blank,0.090258
P_1032,15,C,F1,A,Unknown,2.4362
P_1032,15,C,F2,A,Unknown,2.1407
P_1032,15,C,F3,A,Unknown,1.0878
P_1032,15,C,F4,A,Unknown,1.1075
P_1032,15,C,F5,A,Unknown,1.1316
P_1032,15,C,F6,A,Negative,0.10009
P_1032,15,C,G1,A,Unknown,2.5197
P_1032,15,C,G2,A,Unknown,1.5178
P_1032,15,C,G3,A,Unknown,1.3285
P_1032,15,C,G4,A,Unknown,1.2311
P_1032,15,C,G5,A,Unknown,1.7879
P_1032,15,C,G6,A,Positive,1.9608
P_1032,15,C,H1,A,Unknown,2.5395
P_1032,15,C,H2,A,Unknown,0.64124
P_1032,15,C,H3,A,Unknown,2.4475
P_1032,15,C,H4,A,Unknown,1.1979
P_1032,15,C,H5,A,Unknown,1.8981
P_1032,15,C,H6,A,Positive,2.115
P_1032,15,C,A7,B,Unknown,1.0397
P_1032,15,C,A8,B,Unknown,1.7069
P_1032,15,C,A9,B,Unknown,1.3967
P_1032,15,C,A10,B,Unknown,1.9286
P_1032,15,C,A11,B,Unknown,0.69924
P_1032,15,C,A12,B,Blank,0.065954
P_1032,15,C,B7,B,Unknown,0.50814
P_1032,15,C,B8,B,Unknown,1.6853
P_1032,15,C,B9,B,Unknown,0.90936
P_1032,15,C,B10,B,Unknown,1.5629
P_1032,15,C,B11,B,Unknown,0.87493
P_1032,15,C,B12,B,Blank,0.066996
P_1032,15,C,C7,B,Unknown,0.42344
P_1032,15,C,C8,B,Unknown,1.5817
P_1032,15,C,C9,B,Unknown,1.416
P_1032,15,C,C10,B,Unknown,1.313
P_1032,15,C,C11,B,Unknown,1.3262
P_1032,15,C,C12,B,Blank,0.072258
P_1032,15,C,D7,B,Unknown,1.4298
P_1032,15,C,D8,B,Unknown,1.4255
P_1032,15,C,D9,B,Unknown,1.7225
P_1032,15,C,D10,B,Unknown,1.6309
P_1032,15,C,D11,B,Unknown,0.2681
P_1032,15,C,D12,B,Blank,0.062893
P_1032,15,C,E7,B,Unknown,0.37735
P_1032,15,C,E8,B,Unknown,1.4436
P_1032,15,C,E9,B,Unknown,1.1956
P_1032,15,C,E10,B,Unknown,0.50649
P_1032,15,C,E11,B,Unknown,1.1509
P_1032,15,C,E12,B,Blank,0.073853
P_1032,15,C,F7,B,Unknown,2.0748
P_1032,15,C,F8,B,Unknown,1.9511
P_1032,15,C,F9,B,Unknown,0.91754
P_1032,15,C,F10,B,Unknown,1.0081
P_1032,15,C,F11,B,Unknown,0.78034
P_1032,15,C,F12,B,Negative,0.10701
P_1032,15,C,G7,B,Unknown,2.141
P_1032,15,C,G8,B,Unknown,1.2543
P_1032,15,C,G9,B,Unknown,1.1825
P_1032,15,C,G10,B,Unknown,1.0581
P_1032,15,C,G11,B,Unknown,1.8518
P_1032,15,C,G12,B,Positive,1.9516
P_1032,15,C,H7,B,Unknown,2.1935
P_1032,15,C,H8,B,Unknown,0.51326
P_1032,15,C,H9,B,Unknown,2.0267
P_1032,15,C,H10,B,Unknown,0.92088
P_1032,15,C,H11,B,Unknown,1.86
P_1032,15,C,H12,B,Positive,1.9224
P_1032,15,D,A1,A,Unknown,1.5846
P_1032,15,D,A2,A,Unknown,2.3987
P_1032,15,D,A3,A,Unknown,2.1975
P_1032,15,D,A4,A,Unknown,3.1468
P_1032,15,D,A5,A,Unknown,1.5894
P_1032,15,D,A6,A,Blank,0.10697
P_1032,15,D,B1,A,Unknown,0.72102
P_1032,15,D,B2,A,Unknown,2.1483
P_1032,15,D,B3,A,Unknown,1.4394
P_1032,15,D,B4,A,Unknown,2.4976
P_1032,15,D,B5,A,Unknown,1.5077
P_1032,15,D,B6,A,Blank,0.066779
P_1032,15,D,C1,A,Unknown,0.6997
P_1032,15,D,C2,A,Unknown,2.1922
P_1032,15,D,C3,A,Unknown,1.8582
P_1032,15,D,C4,A,Unknown,2.2174
P_1032,15,D,C5,A,Unknown,2.0021
P_1032,15,D,C6,A,Blank,0.067034
P_1032,15,D,D1,A,Unknown,2.2554
P_1032,15,D,D2,A,Unknown,2.0707
P_1032,15,D,D3,A,Unknown,2.3469
P_1032,15,D,D4,A,Unknown,2.1172
P_1032,15,D,D5,A,Unknown,0.41081
P_1032,15,D,D6,A,Blank,0.065581
P_1032,15,D,E1,A,Unknown,0.66177
P_1032,15,D,E2,A,Unknown,2.2611
P_1032,15,D,E3,A,Unknown,1.6499
P_1032,15,D,E4,A,Unknown,0.8442
P_1032,15,D,E5,A,Unknown,1.789
P_1032,15,D,E6,A,Blank,0.076104
P_1032,15,D,F1,A,Unknown,2.6751
P_1032,15,D,F2,A,Unknown,2.6517
P_1032,15,D,F3,A,Unknown,1.4815
P_1032,15,D,F4,A,Unknown,1.7071
P_1032,15,D,F5,A,Unknown,1.5336
P_1032,15,D,F6,A,Negative,0.10831
P_1032,15,D,G1,A,Unknown,2.5125
P_1032,15,D,G2,A,Unknown,2.0369
P_1032,15,D,G3,A,Unknown,1.8554
P_1032,15,D,G4,A,Unknown,2.0288
P_1032,15,D,G5,A,Unknown,2.5831
P_1032,15,D,G6,A,Positive,2.27472
P_1032,15,D,H1,A,Unknown,2.8577
P_1032,15,D,H2,A,Unknown,0.7838
P_1032,15,D,H3,A,Unknown,2.6422
P_1032,15,D,H4,A,Unknown,1.6512
P_1032,15,D,H5,A,Unknown,2.5111
P_1032,15,D,H6,A,Positive,2.262935
P_1032,15,D,A7,B,Unknown,2.0006
P_1032,15,D,A8,B,Unknown,2.6401
P_1032,15,D,A9,B,Unknown,2.3981
P_1032,15,D,A10,B,Unknown,2.9451
P_1032,15,D,A11,B,Unknown,1.1653
P_1032,15,D,A12,B,Blank,0.10672
P_1032,15,D,B7,B,Unknown,0.72926
P_1032,15,D,B8,B,Unknown,2.3147
P_1032,15,D,B9,B,Unknown,1.5752
P_1032,15,D,B10,B,Unknown,2.3166
P_1032,15,D,B11,B,Unknown,1.2494
P_1032,15,D,B12,B,Blank,0.066138
P_1032,15,D,C7,B,Unknown,0.63677
P_1032,15,D,C8,B,Unknown,2.2345
P_1032,15,D,C9,B,Unknown,2.0282
P_1032,15,D,C10,B,Unknown,1.9968
P_1032,15,D,C11,B,Unknown,1.7799
P_1032,15,D,C12,B,Blank,0.062757
P_1032,15,D,D7,B,Unknown,2.141
P_1032,15,D,D8,B,Unknown,1.9055
P_1032,15,D,D9,B,Unknown,2.3603
P_1032,15,D,D10,B,Unknown,1.9375
P_1032,15,D,D11,B,Unknown,0.35806
P_1032,15,D,D12,B,Blank,0.062788
P_1032,15,D,E7,B,Unknown,0.74041
P_1032,15,D,E8,B,Unknown,2.1486
P_1032,15,D,E9,B,Unknown,1.8789
P_1032,15,D,E10,B,Unknown,0.70932
P_1032,15,D,E11,B,Unknown,1.761
P_1032,15,D,E12,B,Blank,0.063039
P_1032,15,D,F7,B,Unknown,2.6736
P_1032,15,D,F8,B,Unknown,2.5007
P_1032,15,D,F9,B,Unknown,1.3192
P_1032,15,D,F10,B,Unknown,1.4805
P_1032,15,D,F11,B,Unknown,1.3438
P_1032,15,D,F12,B,Negative,0.10572
P_1032,15,D,G7,B,Unknown,2.8051
P_1032,15,D,G8,B,Unknown,1.6658
P_1032,15,D,G9,B,Unknown,1.8205
P_1032,15,D,G10,B,Unknown,1.6407
P_1032,15,D,G11,B,Unknown,2.4051
P_1032,15,D,G12,B,Positive,2.4334
P_1032,15,D,H7,B,Unknown,2.7144
P_1032,15,D,H8,B,Unknown,0.54084
P_1032,15,D,H9,B,Unknown,2.6172
P_1032,15,D,H10,B,Unknown,1.5581
P_1032,15,D,H11,B,Unknown,2.3008
P_1032,15,D,H12,B,Positive,2.27
P_1032,15,E,A1,A,Unknown,0.97791
P_1032,15,E,A2,A,Unknown,1.3472
P_1032,15,E,A3,A,Unknown,1.2761
P_1032,15,E,A4,A,Unknown,2.1776
P_1032,15,E,A5,A,Unknown,0.71346
P_1032,15,E,A6,A,Blank,0.064814
P_1032,15,E,B1,A,Unknown,0.54092
P_1032,15,E,B2,A,Unknown,1.5856
P_1032,15,E,B3,A,Unknown,0.82327
P_1032,15,E,B4,A,Unknown,1.644
P_1032,15,E,B5,A,Unknown,0.87448
P_1032,15,E,B6,A,Blank,0.062249
P_1032,15,E,C1,A,Unknown,0.50479
P_1032,15,E,C2,A,Unknown,1.6061
P_1032,15,E,C3,A,Unknown,1.2236
P_1032,15,E,C4,A,Unknown,1.5166
P_1032,15,E,C5,A,Unknown,1.3234
P_1032,15,E,C6,A,Blank,0.058154
P_1032,15,E,D1,A,Unknown,1.5964
P_1032,15,E,D2,A,Unknown,1.5334
P_1032,15,E,D3,A,Unknown,1.5184
P_1032,15,E,D4,A,Unknown,1.4434
P_1032,15,E,D5,A,Unknown,0.31736
P_1032,15,E,D6,A,Blank,0.072608
P_1032,15,E,E1,A,Unknown,0.49745
P_1032,15,E,E2,A,Unknown,1.6182
P_1032,15,E,E3,A,Unknown,1.1305
P_1032,15,E,E4,A,Unknown,0.54901
P_1032,15,E,E5,A,Unknown,1.229
P_1032,15,E,E6,A,Blank,0.060565
P_1032,15,E,F1,A,Unknown,2.0887
P_1032,15,E,F2,A,Unknown,2.048
P_1032,15,E,F3,A,Unknown,0.92436
P_1032,15,E,F4,A,Unknown,1.189
P_1032,15,E,F5,A,Unknown,0.96609
P_1032,15,E,F6,A,Negative,0.10377
P_1032,15,E,G1,A,Unknown,2.0775
P_1032,15,E,G2,A,Unknown,1.3109
P_1032,15,E,G3,A,Unknown,1.141
P_1032,15,E,G4,A,Unknown,1.2584
P_1032,15,E,G5,A,Unknown,1.6495
P_1032,15,E,G6,A,Positive,1.9218
P_1032,15,E,H1,A,Unknown,1.7473
P_1032,15,E,H2,A,Unknown,0.54849
P_1032,15,E,H3,A,Unknown,1.8667
P_1032,15,E,H4,A,Unknown,1.1511
P_1032,15,E,H5,A,Unknown,1.5409
P_1032,15,E,H6,A,Positive,1.9894
P_1032,15,E,A7,B,Unknown,0.71593
P_1032,15,E,A8,B,Unknown,1.3758
P_1032,15,E,A9,B,Unknown,1.2032
P_1032,15,E,A10,B,Unknown,2.0878
P_1032,15,E,A11,B,Unknown,0.79496
P_1032,15,E,A12,B,Blank,0.069554
P_1032,15,E,B7,B,Unknown,0.46855
P_1032,15,E,B8,B,Unknown,1.5665
P_1032,15,E,B9,B,Unknown,0.90665
P_1032,15,E,B10,B,Unknown,1.7729
P_1032,15,E,B11,B,Unknown,0.85528
P_1032,15,E,B12,B,Blank,0.069936
P_1032,15,E,C7,B,Unknown,0.4448
P_1032,15,E,C8,B,Unknown,1.4918
P_1032,15,E,C9,B,Unknown,1.1397
P_1032,15,E,C10,B,Unknown,1.5579
P_1032,15,E,C11,B,Unknown,1.2432
P_1032,15,E,C12,B,Blank,0.056757
P_1032,15,E,D7,B,Unknown,1.4624
P_1032,15,E,D8,B,Unknown,1.4112
P_1032,15,E,D9,B,Unknown,1.5919
P_1032,15,E,D10,B,Unknown,1.4022
P_1032,15,E,D11,B,Unknown,0.26153
P_1032,15,E,D12,B,Blank,0.056864
P_1032,15,E,E7,B,Unknown,0.38119
P_1032,15,E,E8,B,Unknown,1.4023
P_1032,15,E,E9,B,Unknown,1.124
P_1032,15,E,E10,B,Unknown,0.51344
P_1032,15,E,E11,B,Unknown,1.1238
P_1032,15,E,E12,B,Blank,0.054608
P_1032,15,E,F7,B,Unknown,1.9029
P_1032,15,E,F8,B,Unknown,1.7687
P_1032,15,E,F9,B,Unknown,0.87567
P_1032,15,E,F10,B,Unknown,1.1208
P_1032,15,E,F11,B,Unknown,0.9212
P_1032,15,E,F12,B,Negative,0.08772
P_1032,15,E,G7,B,Unknown,1.9896
P_1032,15,E,G8,B,Unknown,1.0724
P_1032,15,E,G9,B,Unknown,1.0383
P_1032,15,E,G10,B,Unknown,1.1673
P_1032,15,E,G11,B,Unknown,1.65
P_1032,15,E,G12,B,Positive,1.93
P_1032,15,E,H7,B,Unknown,1.9194
P_1032,15,E,H8,B,Unknown,0.40412
P_1032,15,E,H9,B,Unknown,1.5477
P_1032,15,E,H10,B,Unknown,0.9834
P_1032,15,E,H11,B,Unknown,1.4754
P_1032,15,E,H12,B,Positive,1.904
P_12345,15,A,A1,A,Unknown,2.7905
P_12345,15,A,A2,A,Unknown,2.4322
P_12345,15,A,A3,A,Unknown,1.8554
P_12345,15,A,A4,A,Unknown,0.9156
P_12345,15,A,A5,A,Unknown,1.4959
P_12345,15,A,A6,A,Blank,0.071902
P_12345,15,A,A7,B,Unknown,2.8324
P_12345,15,A,A8,B,Unknown,2.4492
P_12345,15,A,A9,B,Unknown,1.7691
P_12345,15,A,A10,B,Unknown,1.0131
P_12345,15,A,A11,B,Unknown,1.6186
P_12345,15,A,A12,A,Blank,0.073152
P_12345,15,A,B6,A,Blank,0.059921
P_12345,15,A,C6,A,Blank,0.061282
P_12345,15,A,D6,A,Blank,0.058905
P_12345,15,A,E6,A,Blank,0.08033
P_12345,15,A,F6,A,Negative,0.10029
P_12345,15,A,G6,A,Positive,2.7205
P_12345,15,A,H6,A,Positive,2.7345
P_12345,15,A,B12,B,Blank,0.060335
P_12345,15,A,C12,B,Blank,0.060415
P_12345,15,A,D12,B,Blank,0.068063
P_12345,15,A,E12,B,Blank,0.059992
P_12345,15,A,F12,B,Negative,0.11836
P_12345,15,A,G12,B,Positive,2.6625
P_12345,15,A,H12,B,Positive,2.8259
P_12345,15,B,A1,A,Unknown,2.5562
P_12345,15,B,A2,A,Unknown,2.1801
P_12345,15,B,A3,A,Unknown,1.5794
P_12345,15,B,A4,A,Unknown,0.69311
P_12345,15,B,A5,A,Unknown,1.1663
P_12345,15,B,A6,A,Blank,0.065816
P_12345,15,B,A7,B,Unknown,2.4073
P_12345,15,B,A8,B,Unknown,1.9422
P_12345,15,B,A9,B,Unknown,1.4385
P_12345,15,B,A10,B,Unknown,0.80559
P_12345,15,B,A11,B,Unknown,1.0953
P_12345,15,B,A12,A,Blank,0.083304
P_12345,15,B,B6,A,Blank,0.061359
P_12345,15,B,C6,A,Blank,0.075496
P_12345,15,B,D6,A,Blank,0.10177
P_12345,15,B,E6,A,Blank,0.058977
P_12345,15,B,F6,A,Negative,0.085684
P_12345,15,B,G6,A,Positive,2.2126
P_12345,15,B,H6,A,Positive,2.4491
P_12345,15,B,B12,B,Blank,0.084176
P_12345,15,B,C12,B,Blank,0.080454
P_12345,15,B,D12,B,Blank,0.064584
P_12345,15,B,E12,B,Blank,0.071865
P_12345,15,B,F12,B,Negative,0.097261
P_12345,15,B,G12,B,Positive,2.3209
P_12345,15,B,H12,B,Positive,2.3527
P_12345,15,C,A1,A,Unknown,1.6413
P_12345,15,C,A2,A,Unknown,0.73041
P_12345,15,C,A3,A,Unknown,0.6144
P_12345,15,C,A4,A,Unknown,0.3512
P_12345,15,C,A5,A,Unknown,0.50149
P_12345,15,C,A6,A,Blank,0.094772
P_12345,15,C,A7,B,Unknown,1.7631
P_12345,15,C,A8,B,Unknown,1.0858
P_12345,15,C,A9,B,Unknown,0.77216
P_12345,15,C,A10,B,Unknown,0.4518
P_12345,15,C,A11,B,Unknown,0.659
P_12345,15,C,A12,A,Blank,0.10998
P_12345,15,C,B6,A,Blank,0.08478
P_12345,15,C,C6,A,Blank,0.057796
P_12345,15,C,D6,A,Blank,0.067056
P_12345,15,C,E6,A,Blank,0.087804
P_12345,15,C,F6,A,Negative,0.096946
P_12345,15,C,G6,A,Positive,2.1342
P_12345,15,C,H6,A,Positive,2.3404
P_12345,15,C,B12,B,Blank,0.10899
P_12345,15,C,C12,B,Blank,0.11113
P_12345,15,C,D12,B,Blank,0.12196
P_12345,15,C,E12,B,Blank,0.11449
P_12345,15,C,F12,B,Negative,0.13133
P_12345,15,C,G12,B,Positive,1.795
P_12345,15,C,H12,B,Positive,2.0884
P_12345,15,D,A1,A,Unknown,2.5985
P_12345,15,D,A2,A,Unknown,1.8566
P_12345,15,D,A3,A,Unknown,1.2735
P_12345,15,D,A4,A,Unknown,0.56706
P_12345,15,D,A5,A,Unknown,0.70394
P_12345,15,D,A6,A,Blank,0.11215
P_12345,15,D,A7,B,Unknown,2.3282
P_12345,15,D,A8,B,Unknown,1.4795
P_12345,15,D,A9,B,Unknown,0.8394
P_12345,15,D,A10,B,Unknown,0.48089
P_12345,15,D,A11,B,Unknown,0.94207
P_12345,15,D,A12,A,Blank,0.13998
P_12345,15,D,B6,A,Blank,0.084686
P_12345,15,D,C6,A,Blank,0.084611
P_12345,15,D,D6,A,Blank,0.067725
P_12345,15,D,E6,A,Blank,0.069174
P_12345,15,D,F6,A,Negative,0.1206
P_12345,15,D,G6,A,Positive,2.5944
P_12345,15,D,H6,A,Positive,2.5236
P_12345,15,D,B12,B,Blank,0.095965
P_12345,15,D,C12,B,Blank,0.090899
P_12345,15,D,D12,B,Blank,0.078827
P_12345,15,D,E12,B,Blank,0.07743
P_12345,15,D,F12,B,Negative,0.10943
P_12345,15,D,G12,B,Positive,1.9941
P_12345,15,D,H12,B,Positive,2.0771
P_12345,15,E,A1,A,Unknown,1.8294
P_12345,15,E,A2,A,Unknown,1.0244
P_12345,15,E,A3,A,Unknown,0.57648
P_12345,15,E,A4,A,Unknown,0.29886
P_12345,15,E,A5,A,Unknown,0.50278
P_12345,15,E,A6,A,Blank,0.056382
P_12345,15,E,A7,B,Unknown,1.3776
P_12345,15,E,A8,B,Unknown,0.81573
P_12345,15,E,A9,B,Unknown,0.61692
P_12345,15,E,A10,B,Unknown,0.27383
P_12345,15,E,A11,B,Unknown,0.60267
P_12345,15,E,A12,A,Blank,0.05317
P_12345,15,E,B6,A,Blank,0.05483
P_12345,15,E,C6,A,Blank,0.057252
P_12345,15,E,D6,A,Blank,0.060392
P_12345,15,E,E6,A,Blank,0.05713
P_12345,15,E,F6,A,Negative,0.082741
P_12345,15,E,G6,A,Positive,1.8796
P_12345,15,E,H6,A,Positive,1.7744
P_12345,15,E,B12,B,Blank,0.064839
P_12345,15,E,C12,B,Blank,0.057347
P_12345,15,E,D12,B,Blank,0.063582
P_12345,15,E,E12,B,Blank,0.05973
P_12345,15,E,F12,B,Negative,0.096539
P_12345,15,E,G12,B,Positive,2.019
P_12345,15,E,H12,B,Positive,1.9149
P_1032,30,A,A1,A,Unknown,3.0869
P_1032,30,A,A2,A,Unknown,3.3937
P_1032,30,A,A3,A,Unknown,3.3272
P_1032,30,A,A4,A,Unknown,3.4399
P_1032,30,A,A5,A,Unknown,2.5974
P_1032,30,A,A6,A,Blank,0.17951
P_1032,30,A,B1,A,Unknown,1.8665
P_1032,30,A,B2,A,Unknown,3.3528
P_1032,30,A,B3,A,Unknown,2.7345
P_1032,30,A,B4,A,Unknown,3.3927
P_1032,30,A,B5,A,Unknown,2.6987
P_1032,30,A,B6,A,Blank,0.093302
P_1032,30,A,C1,A,Unknown,1.6186
P_1032,30,A,C2,A,Unknown,3.3496
P_1032,30,A,C3,A,Unknown,3.1791
P_1032,30,A,C4,A,Unknown,3.3491
P_1032,30,A,C5,A,Unknown,3.2001
P_1032,30,A,C6,A,Blank,0.064543
P_1032,30,A,D1,A,Unknown,3.3486
P_1032,30,A,D2,A,Unknown,3.3448
P_1032,30,A,D3,A,Unknown,3.3706
P_1032,30,A,D4,A,Unknown,3.3212
P_1032,30,A,D5,A,Unknown,1.077
P_1032,30,A,D6,A,Blank,0.060307
P_1032,30,A,E1,A,Unknown,1.6484
P_1032,30,A,E2,A,Unknown,3.3546
P_1032,30,A,E3,A,Unknown,3.0436
P_1032,30,A,E4,A,Unknown,2.0907
P_1032,30,A,E5,A,Unknown,3.2243
P_1032,30,A,E6,A,Blank,0.059215
P_1032,30,A,F1,A,Unknown,3.4142
P_1032,30,A,F2,A,Unknown,3.394
P_1032,30,A,F3,A,Unknown,1.9644
P_1032,30,A,F4,A,Unknown,3.0761
P_1032,30,A,F5,A,Unknown,2.9729
P_1032,30,A,F6,A,Negative,0.14549
P_1032,30,A,G1,A,Unknown,3.3267
P_1032,30,A,G2,A,Unknown,2.9687
P_1032,30,A,G3,A,Unknown,2.6371
P_1032,30,A,G4,A,Unknown,3.3565
P_1032,30,A,G5,A,Unknown,3.4056
P_1032,30,A,G6,A,Positive,3.3645
P_1032,30,A,H1,A,Unknown,3.4177
P_1032,30,A,H2,A,Unknown,1.8467
P_1032,30,A,H3,A,Unknown,2.3157
P_1032,30,A,H4,A,Unknown,3.0478
P_1032,30,A,H5,A,Unknown,3.4006
P_1032,30,A,H6,A,Positive,3.4201
P_1032,30,A,A7,B,Unknown,2.652
P_1032,30,A,A8,B,Unknown,3.3732
P_1032,30,A,A9,B,Unknown,3.2142
P_1032,30,A,A10,B,Unknown,3.434
P_1032,30,A,A11,B,Unknown,2.5932
P_1032,30,A,A12,B,Blank,0.095652
P_1032,30,A,B7,B,Unknown,1.4137
P_1032,30,A,B8,B,Unknown,3.3646
P_1032,30,A,B9,B,Unknown,2.5375
P_1032,30,A,B10,B,Unknown,3.3754
P_1032,30,A,B11,B,Unknown,2.6612
P_1032,30,A,B12,B,Blank,0.06356
P_1032,30,A,C7,B,Unknown,1.2481
P_1032,30,A,C8,B,Unknown,3.3502
P_1032,30,A,C9,B,Unknown,3.0564
P_1032,30,A,C10,B,Unknown,3.3394
P_1032,30,A,C11,B,Unknown,3.2257
P_1032,30,A,C12,B,Blank,0.063654
P_1032,30,A,D7,B,Unknown,3.3387
P_1032,30,A,D8,B,Unknown,3.2971
P_1032,30,A,D9,B,Unknown,3.3612
P_1032,30,A,D10,B,Unknown,3.3241
P_1032,30,A,D11,B,Unknown,0.88779
P_1032,30,A,D12,B,Blank,0.063194
P_1032,30,A,E7,B,Unknown,1.3877
P_1032,30,A,E8,B,Unknown,3.2752
P_1032,30,A,E9,B,Unknown,2.9547
P_1032,30,A,E10,B,Unknown,1.6306
P_1032,30,A,E11,B,Unknown,3.0112
P_1032,30,A,E12,B,Blank,0.068879
P_1032,30,A,F7,B,Unknown,3.4455
P_1032,30,A,F8,B,Unknown,3.4137
P_1032,30,A,F9,B,Unknown,2.4755
P_1032,30,A,F10,B,Unknown,2.9624
P_1032,30,A,F11,B,Unknown,2.5891
P_1032,30,A,F12,B,Negative,0.14628
P_1032,30,A,G7,B,Unknown,3.4396
P_1032,30,A,G8,B,Unknown,3.0628
P_1032,30,A,G9,B,Unknown,2.7947
P_1032,30,A,G10,B,Unknown,3.1944
P_1032,30,A,G11,B,Unknown,3.3708
P_1032,30,A,G12,B,Positive,3.4002
P_1032,30,A,H7,B,Unknown,3.4168
P_1032,30,A,H8,B,Unknown,1.278
P_1032,30,A,H9,B,Unknown,3.3283
P_1032,30,A,H10,B,Unknown,2.8917
P_1032,30,A,H11,B,Unknown,3.0851
P_1032,30,A,H12,B,Positive,3.3955
P_1032,30,B,A1,A,Unknown,3.0426
P_1032,30,B,A2,A,Unknown,3.2757
P_1032,30,B,A3,A,Unknown,3.1474
P_1032,30,B,A4,A,Unknown,3.3621
P_1032,30,B,A5,A,Unknown,2.4946
P_1032,30,B,A6,A,Blank,0.087918
P_1032,30,B,B1,A,Unknown,1.779
P_1032,30,B,B2,A,Unknown,3.3092
P_1032,30,B,B3,A,Unknown,2.4779
P_1032,30,B,B4,A,Unknown,3.341
P_1032,30,B,B5,A,Unknown,2.6069
P_1032,30,B,B6,A,Blank,0.10454
P_1032,30,B,C1,A,Unknown,1.6352
P_1032,30,B,C2,A,Unknown,3.3055
P_1032,30,B,C3,A,Unknown,3.1074
P_1032,30,B,C4,A,Unknown,3.2778
P_1032,30,B,C5,A,Unknown,3.1722
P_1032,30,B,C6,A,Blank,0.11048
P_1032,30,B,D1,A,Unknown,3.312
P_1032,30,B,D2,A,Unknown,3.2996
P_1032,30,B,D3,A,Unknown,3.3207
P_1032,30,B,D4,A,Unknown,3.1921
P_1032,30,B,D5,A,Unknown,0.92703
P_1032,30,B,D6,A,Blank,0.10692
P_1032,30,B,E1,A,Unknown,1.6556
P_1032,30,B,E2,A,Unknown,3.289
P_1032,30,B,E3,A,Unknown,2.984
P_1032,30,B,E4,A,Unknown,1.712
P_1032,30,B,E5,A,Unknown,3.0424
P_1032,30,B,E6,A,Blank,0.1164
P_1032,30,B,F1,A,Unknown,3.4544
P_1032,30,B,F2,A,Unknown,3.3758
P_1032,30,B,F3,A,Unknown,2.6443
P_1032,30,B,F4,A,Unknown,2.6917
P_1032,30,B,F5,A,Unknown,2.4652
P_1032,30,B,F6,A,Negative,0.14911
P_1032,30,B,G1,A,Unknown,3.375
P_1032,30,B,G2,A,Unknown,3.1707
P_1032,30,B,G3,A,Unknown,3.0713
P_1032,30,B,G4,A,Unknown,3.1005
P_1032,30,B,G5,A,Unknown,3.2488
P_1032,30,B,G6,A,Positive,3.1974
P_1032,30,B,H1,A,Unknown,3.4009
P_1032,30,B,H2,A,Unknown,1.8665
P_1032,30,B,H3,A,Unknown,3.3872
P_1032,30,B,H4,A,Unknown,2.8757
P_1032,30,B,H5,A,Unknown,3.1902
P_1032,30,B,H6,A,Positive,3.2985
P_1032,30,B,A7,B,Unknown,2.743
P_1032,30,B,A8,B,Unknown,3.196
P_1032,30,B,A9,B,Unknown,3.0744
P_1032,30,B,A10,B,Unknown,3.4449
P_1032,30,B,A11,B,Unknown,2.4068
P_1032,30,B,A12,B,Blank,0.16911
P_1032,30,B,B7,B,Unknown,1.5539
P_1032,30,B,B8,B,Unknown,3.3041
P_1032,30,B,B9,B,Unknown,2.6084
P_1032,30,B,B10,B,Unknown,3.356
P_1032,30,B,B11,B,Unknown,2.4939
P_1032,30,B,B12,B,Blank,0.14868
P_1032,30,B,C7,B,Unknown,1.3783
P_1032,30,B,C8,B,Unknown,3.224
P_1032,30,B,C9,B,Unknown,2.8534
P_1032,30,B,C10,B,Unknown,3.2916
P_1032,30,B,C11,B,Unknown,3.1042
P_1032,30,B,C12,B,Blank,0.15071
P_1032,30,B,D7,B,Unknown,3.275
P_1032,30,B,D8,B,Unknown,3.2777
P_1032,30,B,D9,B,Unknown,3.2867
P_1032,30,B,D10,B,Unknown,3.2061
P_1032,30,B,D11,B,Unknown,0.83638
P_1032,30,B,D12,B,Blank,0.14047
P_1032,30,B,E7,B,Unknown,1.172
P_1032,30,B,E8,B,Unknown,3.1934
P_1032,30,B,E9,B,Unknown,2.8647
P_1032,30,B,E10,B,Unknown,1.6094
P_1032,30,B,E11,B,Unknown,3.0505
P_1032,30,B,E12,B,Blank,0.19868
P_1032,30,B,F7,B,Unknown,3.4113
P_1032,30,B,F8,B,Unknown,3.3872
P_1032,30,B,F9,B,Unknown,2.2886
P_1032,30,B,F10,B,Unknown,2.7754
P_1032,30,B,F11,B,Unknown,2.6113
P_1032,30,B,F12,B,Negative,0.20584
P_1032,30,B,G7,B,Unknown,3.4109
P_1032,30,B,G8,B,Unknown,2.7902
P_1032,30,B,G9,B,Unknown,2.6383
P_1032,30,B,G10,B,Unknown,2.9939
P_1032,30,B,G11,B,Unknown,3.3191
P_1032,30,B,G12,B,Positive,3.2983
P_1032,30,B,H7,B,Unknown,3.4443
P_1032,30,B,H8,B,Unknown,1.3122
P_1032,30,B,H9,B,Unknown,3.3497
P_1032,30,B,H10,B,Unknown,2.5774
P_1032,30,B,H11,B,Unknown,3.3166
P_1032,30,B,H12,B,Positive,3.3133
P_1032,30,C,A1,A,Unknown,2.1758
P_1032,30,C,A2,A,Unknown,2.7261
P_1032,30,C,A3,A,Unknown,2.4368
P_1032,30,C,A4,A,Unknown,2.898
P_1032,30,C,A5,A,Unknown,1.4712
P_1032,30,C,A6,A,Blank,0.096341
P_1032,30,C,B1,A,Unknown,1.2038
P_1032,30,C,B2,A,Unknown,2.7847
P_1032,30,C,B3,A,Unknown,1.6281
P_1032,30,C,B4,A,Unknown,2.4651
P_1032,30,C,B5,A,Unknown,1.7447
P_1032,30,C,B6,A,Blank,0.058773
P_1032,30,C,C1,A,Unknown,1.1973
P_1032,30,C,C2,A,Unknown,2.9131
P_1032,30,C,C3,A,Unknown,2.4275
P_1032,30,C,C4,A,Unknown,2.3459
P_1032,30,C,C5,A,Unknown,2.3941
P_1032,30,C,C6,A,Blank,0.061637
P_1032,30,C,D1,A,Unknown,3.0077
P_1032,30,C,D2,A,Unknown,2.9008
P_1032,30,C,D3,A,Unknown,2.8326
P_1032,30,C,D4,A,Unknown,2.2504
P_1032,30,C,D5,A,Unknown,0.53065
P_1032,30,C,D6,A,Blank,0.06061
P_1032,30,C,E1,A,Unknown,1.0941
P_1032,30,C,E2,A,Unknown,2.8202
P_1032,30,C,E3,A,Unknown,1.9999
P_1032,30,C,E4,A,Unknown,0.91094
P_1032,30,C,E5,A,Unknown,2.294
P_1032,30,C,E6,A,Blank,0.095981
P_1032,30,C,F1,A,Unknown,3.2977
P_1032,30,C,F2,A,Unknown,3.1534
P_1032,30,C,F3,A,Unknown,1.9494
P_1032,30,C,F4,A,Unknown,1.9133
P_1032,30,C,F5,A,Unknown,2.0223
P_1032,30,C,F6,A,Negative,0.14429
P_1032,30,C,G1,A,Unknown,3.3169
P_1032,30,C,G2,A,Unknown,2.5365
P_1032,30,C,G3,A,Unknown,2.2769
P_1032,30,C,G4,A,Unknown,2.0748
P_1032,30,C,G5,A,Unknown,2.8491
P_1032,30,C,G6,A,Positive,3.0041
P_1032,30,C,H1,A,Unknown,3.2798
P_1032,30,C,H2,A,Unknown,1.1972
P_1032,30,C,H3,A,Unknown,3.2951
P_1032,30,C,H4,A,Unknown,2.0308
P_1032,30,C,H5,A,Unknown,2.9696
P_1032,30,C,H6,A,Positive,3.1398
P_1032,30,C,A7,B,Unknown,1.7851
P_1032,30,C,A8,B,Unknown,2.6613
P_1032,30,C,A9,B,Unknown,2.2967
P_1032,30,C,A10,B,Unknown,2.8511
P_1032,30,C,A11,B,Unknown,1.2582
P_1032,30,C,A12,B,Blank,0.072376
P_1032,30,C,B7,B,Unknown,0.96232
P_1032,30,C,B8,B,Unknown,2.7494
P_1032,30,C,B9,B,Unknown,1.674
P_1032,30,C,B10,B,Unknown,2.4737
P_1032,30,C,B11,B,Unknown,1.5873
P_1032,30,C,B12,B,Blank,0.069923
P_1032,30,C,C7,B,Unknown,0.79901
P_1032,30,C,C8,B,Unknown,2.6305
P_1032,30,C,C9,B,Unknown,2.4166
P_1032,30,C,C10,B,Unknown,2.2093
P_1032,30,C,C11,B,Unknown,2.2966
P_1032,30,C,C12,B,Blank,0.081336
P_1032,30,C,D7,B,Unknown,2.4602
P_1032,30,C,D8,B,Unknown,2.4601
P_1032,30,C,D9,B,Unknown,2.8038
P_1032,30,C,D10,B,Unknown,2.2793
P_1032,30,C,D11,B,Unknown,0.47335
P_1032,30,C,D12,B,Blank,0.065911
P_1032,30,C,E7,B,Unknown,0.71247
P_1032,30,C,E8,B,Unknown,2.4403
P_1032,30,C,E9,B,Unknown,2.1022
P_1032,30,C,E10,B,Unknown,0.93463
P_1032,30,C,E11,B,Unknown,2.0199
P_1032,30,C,E12,B,Blank,0.07491
P_1032,30,C,F7,B,Unknown,3.124
P_1032,30,C,F8,B,Unknown,3.0277
P_1032,30,C,F9,B,Unknown,1.6823
P_1032,30,C,F10,B,Unknown,1.7549
P_1032,30,C,F11,B,Unknown,1.4214
P_1032,30,C,F12,B,Negative,0.15665
P_1032,30,C,G7,B,Unknown,3.1558
P_1032,30,C,G8,B,Unknown,2.2223
P_1032,30,C,G9,B,Unknown,2.0831
P_1032,30,C,G10,B,Unknown,1.8429
P_1032,30,C,G11,B,Unknown,2.9258
P_1032,30,C,G12,B,Positive,2.9234
P_1032,30,C,H7,B,Unknown,3.2248
P_1032,30,C,H8,B,Unknown,0.96281
P_1032,30,C,H9,B,Unknown,3.0945
P_1032,30,C,H10,B,Unknown,1.607
P_1032,30,C,H11,B,Unknown,2.9484
P_1032,30,C,H12,B,Positive,2.9098
P_1032,30,D,A1,A,Unknown,2.5268
P_1032,30,D,A2,A,Unknown,3.2338
P_1032,30,D,A3,A,Unknown,3.1304
P_1032,30,D,A4,A,Unknown,3.4268
P_1032,30,D,A5,A,Unknown,2.5564
P_1032,30,D,A6,A,Blank,0.1674
P_1032,30,D,B1,A,Unknown,1.2291
P_1032,30,D,B2,A,Unknown,3.0436
P_1032,30,D,B3,A,Unknown,2.233
P_1032,30,D,B4,A,Unknown,3.291
P_1032,30,D,B5,A,Unknown,2.4239
P_1032,30,D,B6,A,Blank,0.073703
P_1032,30,D,C1,A,Unknown,1.1659
P_1032,30,D,C2,A,Unknown,3.0117
P_1032,30,D,C3,A,Unknown,2.8395
P_1032,30,D,C4,A,Unknown,3.1232
P_1032,30,D,C5,A,Unknown,2.9998
P_1032,30,D,C6,A,Blank,0.070814
P_1032,30,D,D1,A,Unknown,3.1293
P_1032,30,D,D2,A,Unknown,3.0217
P_1032,30,D,D3,A,Unknown,3.2127
P_1032,30,D,D4,A,Unknown,3.0515
P_1032,30,D,D5,A,Unknown,0.70725
P_1032,30,D,D6,A,Blank,0.067134
P_1032,30,D,E1,A,Unknown,1.1313
P_1032,30,D,E2,A,Unknown,3.165
P_1032,30,D,E3,A,Unknown,2.6159
P_1032,30,D,E4,A,Unknown,1.4555
P_1032,30,D,E5,A,Unknown,2.7635
P_1032,30,D,E6,A,Blank,0.077346
P_1032,30,D,F1,A,Unknown,3.3461
P_1032,30,D,F2,A,Unknown,3.3436
P_1032,30,D,F3,A,Unknown,2.3632
P_1032,30,D,F4,A,Unknown,2.6646
P_1032,30,D,F5,A,Unknown,2.452
P_1032,30,D,F6,A,Negative,0.14115
P_1032,30,D,G1,A,Unknown,3.1272
P_1032,30,D,G2,A,Unknown,3.0011
P_1032,30,D,G3,A,Unknown,2.8189
P_1032,30,D,G4,A,Unknown,3.0024
P_1032,30,D,G5,A,Unknown,3.3477
P_1032,30,D,G6,A,Positive,3.276872
P_1032,30,D,H1,A,Unknown,3.3747
P_1032,30,D,H2,A,Unknown,1.322
P_1032,30,D,H3,A,Unknown,3.3242
P_1032,30,D,H4,A,Unknown,2.583
P_1032,30,D,H5,A,Unknown,3.2981
P_1032,30,D,H6,A,Positive,3.264672
P_1032,30,D,A7,B,Unknown,2.9926
P_1032,30,D,A8,B,Unknown,3.3497
P_1032,30,D,A9,B,Unknown,3.2544
P_1032,30,D,A10,B,Unknown,3.4646
P_1032,30,D,A11,B,Unknown,1.9939
P_1032,30,D,A12,B,Blank,0.16895
P_1032,30,D,B7,B,Unknown,1.2883
P_1032,30,D,B8,B,Unknown,3.2364
P_1032,30,D,B9,B,Unknown,2.4777
P_1032,30,D,B10,B,Unknown,3.2048
P_1032,30,D,B11,B,Unknown,2.0746
P_1032,30,D,B12,B,Blank,0.07613
P_1032,30,D,C7,B,Unknown,1.1097
P_1032,30,D,C8,B,Unknown,3.1587
P_1032,30,D,C9,B,Unknown,2.9868
P_1032,30,D,C10,B,Unknown,2.9936
P_1032,30,D,C11,B,Unknown,2.7662
P_1032,30,D,C12,B,Blank,0.070523
P_1032,30,D,D7,B,Unknown,3.1036
P_1032,30,D,D8,B,Unknown,2.9042
P_1032,30,D,D9,B,Unknown,3.2523
P_1032,30,D,D10,B,Unknown,2.9162
P_1032,30,D,D11,B,Unknown,0.61264
P_1032,30,D,D12,B,Blank,0.064351
P_1032,30,D,E7,B,Unknown,1.2701
P_1032,30,D,E8,B,Unknown,3.1169
P_1032,30,D,E9,B,Unknown,2.8799
P_1032,30,D,E10,B,Unknown,1.2327
P_1032,30,D,E11,B,Unknown,2.7449
P_1032,30,D,E12,B,Blank,0.066048
P_1032,30,D,F7,B,Unknown,3.3749
P_1032,30,D,F8,B,Unknown,3.3048
P_1032,30,D,F9,B,Unknown,2.1679
P_1032,30,D,F10,B,Unknown,2.4243
P_1032,30,D,F11,B,Unknown,2.2283
P_1032,30,D,F12,B,Negative,0.14468
P_1032,30,D,G7,B,Unknown,3.4205
P_1032,30,D,G8,B,Unknown,2.6402
P_1032,30,D,G9,B,Unknown,2.8217
P_1032,30,D,G10,B,Unknown,2.6308
P_1032,30,D,G11,B,Unknown,3.2827
P_1032,30,D,G12,B,Positive,3.3139
P_1032,30,D,H7,B,Unknown,3.3735
P_1032,30,D,H8,B,Unknown,0.9396
P_1032,30,D,H9,B,Unknown,3.3383
P_1032,30,D,H10,B,Unknown,2.5317
P_1032,30,D,H11,B,Unknown,3.2026
P_1032,30,D,H12,B,Positive,3.2055
P_1032,30,E,A1,A,Unknown,1.7612
P_1032,30,E,A2,A,Unknown,2.3319
P_1032,30,E,A3,A,Unknown,2.2682
P_1032,30,E,A4,A,Unknown,3.0837
P_1032,30,E,A5,A,Unknown,1.3877
P_1032,30,E,A6,A,Blank,0.065721
P_1032,30,E,B1,A,Unknown,1.0566
P_1032,30,E,B2,A,Unknown,2.5656
P_1032,30,E,B3,A,Unknown,1.5243
P_1032,30,E,B4,A,Unknown,2.6341
P_1032,30,E,B5,A,Unknown,1.6228
P_1032,30,E,B6,A,Blank,0.062362
P_1032,30,E,C1,A,Unknown,0.9268
P_1032,30,E,C2,A,Unknown,2.5683
P_1032,30,E,C3,A,Unknown,2.1562
P_1032,30,E,C4,A,Unknown,2.5022
P_1032,30,E,C5,A,Unknown,2.2697
P_1032,30,E,C6,A,Blank,0.05853
P_1032,30,E,D1,A,Unknown,2.5578
P_1032,30,E,D2,A,Unknown,2.4623
P_1032,30,E,D3,A,Unknown,2.4387
P_1032,30,E,D4,A,Unknown,2.395
P_1032,30,E,D5,A,Unknown,0.5908
P_1032,30,E,D6,A,Blank,0.072899
P_1032,30,E,E1,A,Unknown,0.88936
P_1032,30,E,E2,A,Unknown,2.575
P_1032,30,E,E3,A,Unknown,1.9501
P_1032,30,E,E4,A,Unknown,1.0256
P_1032,30,E,E5,A,Unknown,2.1066
P_1032,30,E,E6,A,Blank,0.060948
P_1032,30,E,F1,A,Unknown,2.9923
P_1032,30,E,F2,A,Unknown,3.0194
P_1032,30,E,F3,A,Unknown,1.6326
P_1032,30,E,F4,A,Unknown,2.0456
P_1032,30,E,F5,A,Unknown,1.7244
P_1032,30,E,F6,A,Negative,0.13594
P_1032,30,E,G1,A,Unknown,2.9772
P_1032,30,E,G2,A,Unknown,2.2062
P_1032,30,E,G3,A,Unknown,1.9393
P_1032,30,E,G4,A,Unknown,2.1505
P_1032,30,E,G5,A,Unknown,2.6481
P_1032,30,E,G6,A,Positive,2.9065
P_1032,30,E,H1,A,Unknown,2.6515
P_1032,30,E,H2,A,Unknown,1.0048
P_1032,30,E,H3,A,Unknown,2.804
P_1032,30,E,H4,A,Unknown,1.9844
P_1032,30,E,H5,A,Unknown,2.5414
P_1032,30,E,H6,A,Positive,2.9876
P_1032,30,E,A7,B,Unknown,1.5253
P_1032,30,E,A8,B,Unknown,2.4135
P_1032,30,E,A9,B,Unknown,2.2519
P_1032,30,E,A10,B,Unknown,3.1207
P_1032,30,E,A11,B,Unknown,1.5502
P_1032,30,E,A12,B,Blank,0.073164
P_1032,30,E,B7,B,Unknown,0.94634
P_1032,30,E,B8,B,Unknown,2.5919
P_1032,30,E,B9,B,Unknown,1.5909
P_1032,30,E,B10,B,Unknown,2.7467
P_1032,30,E,B11,B,Unknown,1.5958
P_1032,30,E,B12,B,Blank,0.075196
P_1032,30,E,C7,B,Unknown,0.8346
P_1032,30,E,C8,B,Unknown,2.4485
P_1032,30,E,C9,B,Unknown,1.9358
P_1032,30,E,C10,B,Unknown,2.6315
P_1032,30,E,C11,B,Unknown,2.1847
P_1032,30,E,C12,B,Blank,0.085583
P_1032,30,E,D7,B,Unknown,2.4269
P_1032,30,E,D8,B,Unknown,2.3734
P_1032,30,E,D9,B,Unknown,2.575
P_1032,30,E,D10,B,Unknown,2.3383
P_1032,30,E,D11,B,Unknown,0.49686
P_1032,30,E,D12,B,Blank,0.06003
P_1032,30,E,E7,B,Unknown,0.72003
P_1032,30,E,E8,B,Unknown,2.3307
P_1032,30,E,E9,B,Unknown,1.985
P_1032,30,E,E10,B,Unknown,0.97781
P_1032,30,E,E11,B,Unknown,1.9673
P_1032,30,E,E12,B,Blank,0.055117
P_1032,30,E,F7,B,Unknown,2.8622
P_1032,30,E,F8,B,Unknown,2.7444
P_1032,30,E,F9,B,Unknown,1.5705
P_1032,30,E,F10,B,Unknown,1.9543
P_1032,30,E,F11,B,Unknown,1.6711
P_1032,30,E,F12,B,Negative,0.12842
P_1032,30,E,G7,B,Unknown,2.922
P_1032,30,E,G8,B,Unknown,1.8936
P_1032,30,E,G9,B,Unknown,1.8365
P_1032,30,E,G10,B,Unknown,2.0497
P_1032,30,E,G11,B,Unknown,2.6348
P_1032,30,E,G12,B,Positive,2.8842
P_1032,30,E,H7,B,Unknown,2.9269
P_1032,30,E,H8,B,Unknown,0.78165
P_1032,30,E,H9,B,Unknown,2.5101
P_1032,30,E,H10,B,Unknown,1.7521
P_1032,30,E,H11,B,Unknown,2.4372
P_1032,30,E,H12,B,Positive,2.9203
P_12345,30,A,A1,A,Unknown,3.3514
P_12345,30,A,A2,A,Unknown,3.1952
P_12345,30,A,A3,A,Unknown,2.6628
P_12345,30,A,A4,A,Unknown,1.2768
P_12345,30,A,A5,A,Unknown,2.0973
P_12345,30,A,A6,A,Blank,0.078298
P_12345,30,A,A7,B,Unknown,3.3335
P_12345,30,A,A8,B,Unknown,3.0895
P_12345,30,A,A9,B,Unknown,2.5032
P_12345,30,A,A10,B,Unknown,1.4718
P_12345,30,A,A11,B,Unknown,2.0947
P_12345,30,A,A12,A,Blank,0.10493
P_12345,30,A,B6,A,Blank,0.062258
P_12345,30,A,C6,A,Blank,0.074299
P_12345,30,A,D6,A,Blank,0.095996
P_12345,30,A,E6,A,Blank,0.05972
P_12345,30,A,F6,A,Negative,0.11397
P_12345,30,A,G6,A,Positive,3.1387
P_12345,30,A,H6,A,Positive,3.4089
P_12345,30,A,B12,B,Blank,0.099303
P_12345,30,A,C12,B,Blank,0.10332
P_12345,30,A,D12,B,Blank,0.071211
P_12345,30,A,E12,B,Blank,0.086529
P_12345,30,A,F12,B,Negative,0.12659
P_12345,30,A,G12,B,Positive,3.2199
P_12345,30,A,H12,B,Positive,3.2715
P_12345,30,B,A1,A,Unknown,3.3881
P_12345,30,B,A2,A,Unknown,3.3028
P_12345,30,B,A3,A,Unknown,2.9467
P_12345,30,B,A4,A,Unknown,1.618
P_12345,30,B,A5,A,Unknown,2.3889
P_12345,30,B,A6,A,Blank,0.10135
P_12345,30,B,A7,B,Unknown,3.3763
P_12345,30,B,A8,B,Unknown,3.3131
P_12345,30,B,A9,B,Unknown,2.8079
P_12345,30,B,A10,B,Unknown,1.7807
P_12345,30,B,A11,B,Unknown,2.5771
P_12345,30,B,A12,A,Blank,0.073976
P_12345,30,B,B6,A,Blank,0.063108
P_12345,30,B,C6,A,Blank,0.062212
P_12345,30,B,D6,A,Blank,0.059508
P_12345,30,B,E6,A,Blank,0.076918
P_12345,30,B,F6,A,Negative,0.13789
P_12345,30,B,G6,A,Positive,3.3901
P_12345,30,B,H6,A,Positive,3.3862
P_12345,30,B,B12,B,Blank,0.062902
P_12345,30,B,C12,B,Blank,0.060872
P_12345,30,B,D12,B,Blank,0.064996
P_12345,30,B,E12,B,Blank,0.061055
P_12345,30,B,F12,B,Negative,0.14454
P_12345,30,B,G12,B,Positive,3.3871
P_12345,30,B,H12,B,Positive,3.4154
P_12345,30,C,A1,A,Unknown,2.7993
P_12345,30,C,A2,A,Unknown,1.4851
P_12345,30,C,A3,A,Unknown,1.2569
P_12345,30,C,A4,A,Unknown,0.76233
P_12345,30,C,A5,A,Unknown,0.93129
P_12345,30,C,A6,A,Blank,0.10259
P_12345,30,C,A7,B,Unknown,2.8994
P_12345,30,C,A8,B,Unknown,1.9582
P_12345,30,C,A9,B,Unknown,1.4175
P_12345,30,C,A10,B,Unknown,0.92434
P_12345,30,C,A11,B,Unknown,1.2619
P_12345,30,C,A12,A,Blank,0.15329
P_12345,30,C,B6,A,Blank,0.091968
P_12345,30,C,C6,A,Blank,0.060339
P_12345,30,C,D6,A,Blank,0.070729
P_12345,30,C,E6,A,Blank,0.095217
P_12345,30,C,F6,A,Negative,0.14176
P_12345,30,C,G6,A,Positive,3.1715
P_12345,30,C,H6,A,Positive,3.3256
P_12345,30,C,B12,B,Blank,0.16323
P_12345,30,C,C12,B,Blank,0.17929
P_12345,30,C,D12,B,Blank,0.20207
P_12345,30,C,E12,B,Blank,0.17694
P_12345,30,C,F12,B,Negative,0.21227
P_12345,30,C,G12,B,Positive,2.8212
P_12345,30,C,H12,B,Positive,3.046
P_12345,30,D,A1,A,Unknown,3.3167
P_12345,30,D,A2,A,Unknown,2.9381
P_12345,30,D,A3,A,Unknown,2.1918
P_12345,30,D,A4,A,Unknown,0.97608
P_12345,30,D,A5,A,Unknown,1.2878
P_12345,30,D,A6,A,Blank,0.21209
P_12345,30,D,A7,B,Unknown,3.2704
P_12345,30,D,A8,B,Unknown,2.4996
P_12345,30,D,A9,B,Unknown,1.2563
P_12345,30,D,A10,B,Unknown,0.87908
P_12345,30,D,A11,B,Unknown,1.7286
P_12345,30,D,A12,A,Blank,0.33432
P_12345,30,D,B6,A,Blank,0.11584
P_12345,30,D,C6,A,Blank,0.092182
P_12345,30,D,D6,A,Blank,0.070937
P_12345,30,D,E6,A,Blank,0.071791
P_12345,30,D,F6,A,Negative,0.16645
P_12345,30,D,G6,A,Positive,3.3403
P_12345,30,D,H6,A,Positive,3.2726
P_12345,30,D,B12,B,Blank,0.16695
P_12345,30,D,C12,B,Blank,0.1355
P_12345,30,D,D12,B,Blank,0.10235
P_12345,30,D,E12,B,Blank,0.10246
P_12345,30,D,F12,B,Negative,0.15814
P_12345,30,D,G12,B,Positive,3.0126
P_12345,30,D,H12,B,Positive,3.1546
P_12345,30,E,A1,A,Unknown,2.8027
P_12345,30,E,A2,A,Unknown,1.8029
P_12345,30,E,A3,A,Unknown,1.0796
P_12345,30,E,A4,A,Unknown,0.57139
P_12345,30,E,A5,A,Unknown,0.98669
P_12345,30,E,A6,A,Blank,0.0634
P_12345,30,E,A7,B,Unknown,2.3614
P_12345,30,E,A8,B,Unknown,1.5155
P_12345,30,E,A9,B,Unknown,1.1969
P_12345,30,E,A10,B,Unknown,0.62643
P_12345,30,E,A11,B,Unknown,1.1562
P_12345,30,E,A12,A,Blank,0.056944
P_12345,30,E,B6,A,Blank,0.064042
P_12345,30,E,C6,A,Blank,0.073302
P_12345,30,E,D6,A,Blank,0.067613
P_12345,30,E,E6,A,Blank,0.083847
P_12345,30,E,F6,A,Negative,0.1166
P_12345,30,E,G6,A,Positive,2.8755
P_12345,30,E,H6,A,Positive,2.7372
P_12345,30,E,B12,B,Blank,0.076007
P_12345,30,E,C12,B,Blank,0.05994
P_12345,30,E,D12,B,Blank,0.065557
P_12345,30,E,E12,B,Blank,0.060564
P_12345,30,E,F12,B,Negative,0.1375
P_12345,30,E,G12,B,Positive,3.0428
P_12345,30,E,H12,B,Positive,2.962
P_1032,45,A,A1,A,Unknown,3.3704
P_1032,45,A,A2,A,Unknown,3.4775
P_1032,45,A,A3,A,Unknown,3.4325
P_1032,45,A,A4,A,Unknown,3.5003
P_1032,45,A,A5,A,Unknown,3.2131
P_1032,45,A,A6,A,Blank,0.26075
P_1032,45,A,B1,A,Unknown,2.5153
P_1032,45,A,B2,A,Unknown,3.4689
P_1032,45,A,B3,A,Unknown,3.2526
P_1032,45,A,B4,A,Unknown,3.4961
P_1032,45,A,B5,A,Unknown,3.2337
P_1032,45,A,B6,A,Blank,0.11229
P_1032,45,A,C1,A,Unknown,2.2164
P_1032,45,A,C2,A,Unknown,3.4522
P_1032,45,A,C3,A,Unknown,3.3906
P_1032,45,A,C4,A,Unknown,3.4762
P_1032,45,A,C5,A,Unknown,3.475
P_1032,45,A,C6,A,Blank,0.066767
P_1032,45,A,D1,A,Unknown,3.4039
P_1032,45,A,D2,A,Unknown,3.3861
P_1032,45,A,D3,A,Unknown,3.4865
P_1032,45,A,D4,A,Unknown,3.5241
P_1032,45,A,D5,A,Unknown,1.5106
P_1032,45,A,D6,A,Blank,0.060124
P_1032,45,A,E1,A,Unknown,2.2277
P_1032,45,A,E2,A,Unknown,3.4405
P_1032,45,A,E3,A,Unknown,3.3378
P_1032,45,A,E4,A,Unknown,2.7301
P_1032,45,A,E5,A,Unknown,3.3885
P_1032,45,A,E6,A,Blank,0.059399
P_1032,45,A,F1,A,Unknown,3.531
P_1032,45,A,F2,A,Unknown,3.4618
P_1032,45,A,F3,A,Unknown,2.5653
P_1032,45,A,F4,A,Unknown,3.4572
P_1032,45,A,F5,A,Unknown,3.3182
P_1032,45,A,F6,A,Negative,0.18877
P_1032,45,A,G1,A,Unknown,3.4345
P_1032,45,A,G2,A,Unknown,3.361
P_1032,45,A,G3,A,Unknown,3.1511
P_1032,45,A,G4,A,Unknown,3.489
P_1032,45,A,G5,A,Unknown,3.5978
P_1032,45,A,G6,A,Positive,3.5053
P_1032,45,A,H1,A,Unknown,3.5332
P_1032,45,A,H2,A,Unknown,2.4405
P_1032,45,A,H3,A,Unknown,2.9438
P_1032,45,A,H4,A,Unknown,3.3633
P_1032,45,A,H5,A,Unknown,3.5411
P_1032,45,A,H6,A,Positive,3.4707
P_1032,45,A,A7,B,Unknown,3.188
P_1032,45,A,A8,B,Unknown,3.4429
P_1032,45,A,A9,B,Unknown,3.4088
P_1032,45,A,A10,B,Unknown,3.4555
P_1032,45,A,A11,B,Unknown,3.1788
P_1032,45,A,A12,B,Blank,0.11692
P_1032,45,A,B7,B,Unknown,1.9591
P_1032,45,A,B8,B,Unknown,3.4348
P_1032,45,A,B9,B,Unknown,3.0966
P_1032,45,A,B10,B,Unknown,3.4463
P_1032,45,A,B11,B,Unknown,3.1979
P_1032,45,A,B12,B,Blank,0.068999
P_1032,45,A,C7,B,Unknown,1.7619
P_1032,45,A,C8,B,Unknown,3.4758
P_1032,45,A,C9,B,Unknown,3.3801
P_1032,45,A,C10,B,Unknown,3.5048
P_1032,45,A,C11,B,Unknown,3.4062
P_1032,45,A,C12,B,Blank,0.06573
P_1032,45,A,D7,B,Unknown,3.3937
P_1032,45,A,D8,B,Unknown,3.4952
P_1032,45,A,D9,B,Unknown,3.4981
P_1032,45,A,D10,B,Unknown,3.4185
P_1032,45,A,D11,B,Unknown,1.2574
P_1032,45,A,D12,B,Blank,0.064326
P_1032,45,A,E7,B,Unknown,1.9265
P_1032,45,A,E8,B,Unknown,3.4276
P_1032,45,A,E9,B,Unknown,3.3431
P_1032,45,A,E10,B,Unknown,2.2396
P_1032,45,A,E11,B,Unknown,3.4504
P_1032,45,A,E12,B,Blank,0.073111
P_1032,45,A,F7,B,Unknown,3.4915
P_1032,45,A,F8,B,Unknown,3.4346
P_1032,45,A,F9,B,Unknown,3.0871
P_1032,45,A,F10,B,Unknown,3.3503
P_1032,45,A,F11,B,Unknown,3.1301
P_1032,45,A,F12,B,Negative,0.18631
P_1032,45,A,G7,B,Unknown,3.4166
P_1032,45,A,G8,B,Unknown,3.4766
P_1032,45,A,G9,B,Unknown,3.2777
P_1032,45,A,G10,B,Unknown,3.5207
P_1032,45,A,G11,B,Unknown,3.3709
P_1032,45,A,G12,B,Positive,3.4411
P_1032,45,A,H7,B,Unknown,3.4128
P_1032,45,A,H8,B,Unknown,1.7629
P_1032,45,A,H9,B,Unknown,3.4572
P_1032,45,A,H10,B,Unknown,3.3172
P_1032,45,A,H11,B,Unknown,3.2831
P_1032,45,A,H12,B,Positive,3.393
P_1032,45,B,A1,A,Unknown,3.3941
P_1032,45,B,A2,A,Unknown,3.4572
P_1032,45,B,A3,A,Unknown,3.3933
P_1032,45,B,A4,A,Unknown,3.4428
P_1032,45,B,A5,A,Unknown,3.0639
P_1032,45,B,A6,A,Blank,0.10621
P_1032,45,B,B1,A,Unknown,2.3742
P_1032,45,B,B2,A,Unknown,3.4581
P_1032,45,B,B3,A,Unknown,3.0879
P_1032,45,B,B4,A,Unknown,3.4681
P_1032,45,B,B5,A,Unknown,3.1592
P_1032,45,B,B6,A,Blank,0.13161
P_1032,45,B,C1,A,Unknown,2.2027
P_1032,45,B,C2,A,Unknown,3.4511
P_1032,45,B,C3,A,Unknown,3.3801
P_1032,45,B,C4,A,Unknown,3.4446
P_1032,45,B,C5,A,Unknown,3.4042
P_1032,45,B,C6,A,Blank,0.1351
P_1032,45,B,D1,A,Unknown,3.4458
P_1032,45,B,D2,A,Unknown,3.4251
P_1032,45,B,D3,A,Unknown,3.4168
P_1032,45,B,D4,A,Unknown,3.4207
P_1032,45,B,D5,A,Unknown,1.2842
P_1032,45,B,D6,A,Blank,0.12866
P_1032,45,B,E1,A,Unknown,2.2222
P_1032,45,B,E2,A,Unknown,3.4508
P_1032,45,B,E3,A,Unknown,3.3524
P_1032,45,B,E4,A,Unknown,2.3228
P_1032,45,B,E5,A,Unknown,3.4061
P_1032,45,B,E6,A,Blank,0.14783
P_1032,45,B,F1,A,Unknown,3.462
P_1032,45,B,F2,A,Unknown,3.4733
P_1032,45,B,F3,A,Unknown,3.1861
P_1032,45,B,F4,A,Unknown,3.2095
P_1032,45,B,F5,A,Unknown,3.0654
P_1032,45,B,F6,A,Negative,0.19422
P_1032,45,B,G1,A,Unknown,3.462
P_1032,45,B,G2,A,Unknown,3.4226
P_1032,45,B,G3,A,Unknown,3.3489
P_1032,45,B,G4,A,Unknown,3.3914
P_1032,45,B,G5,A,Unknown,3.4086
P_1032,45,B,G6,A,Positive,3.392
P_1032,45,B,H1,A,Unknown,3.4358
P_1032,45,B,H2,A,Unknown,2.4581
P_1032,45,B,H3,A,Unknown,3.4745
P_1032,45,B,H4,A,Unknown,3.2956
P_1032,45,B,H5,A,Unknown,3.431
P_1032,45,B,H6,A,Positive,3.4372
P_1032,45,B,A7,B,Unknown,3.2472
P_1032,45,B,A8,B,Unknown,3.4122
P_1032,45,B,A9,B,Unknown,3.3979
P_1032,45,B,A10,B,Unknown,3.5303
P_1032,45,B,A11,B,Unknown,3.0301
P_1032,45,B,A12,B,Blank,0.20537
P_1032,45,B,B7,B,Unknown,2.1298
P_1032,45,B,B8,B,Unknown,3.4644
P_1032,45,B,B9,B,Unknown,3.1713
P_1032,45,B,B10,B,Unknown,3.452
P_1032,45,B,B11,B,Unknown,3.1125
P_1032,45,B,B12,B,Blank,0.18
P_1032,45,B,C7,B,Unknown,1.9105
P_1032,45,B,C8,B,Unknown,3.4181
P_1032,45,B,C9,B,Unknown,3.3008
P_1032,45,B,C10,B,Unknown,3.4539
P_1032,45,B,C11,B,Unknown,3.4283
P_1032,45,B,C12,B,Blank,0.19167
P_1032,45,B,D7,B,Unknown,3.4207
P_1032,45,B,D8,B,Unknown,3.4445
P_1032,45,B,D9,B,Unknown,3.4324
P_1032,45,B,D10,B,Unknown,3.4007
P_1032,45,B,D11,B,Unknown,1.1918
P_1032,45,B,D12,B,Blank,0.18871
P_1032,45,B,E7,B,Unknown,1.645
P_1032,45,B,E8,B,Unknown,3.4103
P_1032,45,B,E9,B,Unknown,3.3199
P_1032,45,B,E10,B,Unknown,2.2166
P_1032,45,B,E11,B,Unknown,3.3936
P_1032,45,B,E12,B,Blank,0.27248
P_1032,45,B,F7,B,Unknown,3.4488
P_1032,45,B,F8,B,Unknown,3.4719
P_1032,45,B,F9,B,Unknown,2.9325
P_1032,45,B,F10,B,Unknown,3.2661
P_1032,45,B,F11,B,Unknown,3.1805
P_1032,45,B,F12,B,Negative,0.27903
P_1032,45,B,G7,B,Unknown,3.4599
P_1032,45,B,G8,B,Unknown,3.2653
P_1032,45,B,G9,B,Unknown,3.1931
P_1032,45,B,G10,B,Unknown,3.363
P_1032,45,B,G11,B,Unknown,3.4243
P_1032,45,B,G12,B,Positive,3.4464
P_1032,45,B,H7,B,Unknown,3.4913
P_1032,45,B,H8,B,Unknown,1.7943
P_1032,45,B,H9,B,Unknown,3.4712
P_1032,45,B,H10,B,Unknown,3.1498
P_1032,45,B,H11,B,Unknown,3.4601
P_1032,45,B,H12,B,Positive,3.4695
P_1032,45,C,A1,A,Unknown,2.8842
P_1032,45,C,A2,A,Unknown,3.2561
P_1032,45,C,A3,A,Unknown,3.091
P_1032,45,C,A4,A,Unknown,3.2541
P_1032,45,C,A5,A,Unknown,2.0849
P_1032,45,C,A6,A,Blank,0.11721
P_1032,45,C,B1,A,Unknown,1.7294
P_1032,45,C,B2,A,Unknown,3.2685
P_1032,45,C,B3,A,Unknown,2.2962
P_1032,45,C,B4,A,Unknown,2.9823
P_1032,45,C,B5,A,Unknown,2.3872
P_1032,45,C,B6,A,Blank,0.059397
P_1032,45,C,C1,A,Unknown,1.7134
P_1032,45,C,C2,A,Unknown,3.315
P_1032,45,C,C3,A,Unknown,3.054
P_1032,45,C,C4,A,Unknown,2.8869
P_1032,45,C,C5,A,Unknown,3.0221
P_1032,45,C,C6,A,Blank,0.061929
P_1032,45,C,D1,A,Unknown,3.3535
P_1032,45,C,D2,A,Unknown,3.3167
P_1032,45,C,D3,A,Unknown,3.2841
P_1032,45,C,D4,A,Unknown,2.7901
P_1032,45,C,D5,A,Unknown,0.78113
P_1032,45,C,D6,A,Blank,0.061254
P_1032,45,C,E1,A,Unknown,1.5518
P_1032,45,C,E2,A,Unknown,3.2731
P_1032,45,C,E3,A,Unknown,2.6242
P_1032,45,C,E4,A,Unknown,1.2884
P_1032,45,C,E5,A,Unknown,2.9127
P_1032,45,C,E6,A,Blank,0.098416
P_1032,45,C,F1,A,Unknown,3.4268
P_1032,45,C,F2,A,Unknown,3.4147
P_1032,45,C,F3,A,Unknown,2.6049
P_1032,45,C,F4,A,Unknown,2.476
P_1032,45,C,F5,A,Unknown,2.6882
P_1032,45,C,F6,A,Negative,0.19048
P_1032,45,C,G1,A,Unknown,3.4475
P_1032,45,C,G2,A,Unknown,3.0963
P_1032,45,C,G3,A,Unknown,2.898
P_1032,45,C,G4,A,Unknown,2.6365
P_1032,45,C,G5,A,Unknown,3.2951
P_1032,45,C,G6,A,Positive,3.3462
P_1032,45,C,H1,A,Unknown,3.4328
P_1032,45,C,H2,A,Unknown,1.6936
P_1032,45,C,H3,A,Unknown,3.4428
P_1032,45,C,H4,A,Unknown,2.603
P_1032,45,C,H5,A,Unknown,3.3408
P_1032,45,C,H6,A,Positive,3.3834
P_1032,45,C,A7,B,Unknown,2.5223
P_1032,45,C,A8,B,Unknown,3.2361
P_1032,45,C,A9,B,Unknown,2.9753
P_1032,45,C,A10,B,Unknown,3.2359
P_1032,45,C,A11,B,Unknown,1.7709
P_1032,45,C,A12,B,Blank,0.080227
P_1032,45,C,B7,B,Unknown,1.3932
P_1032,45,C,B8,B,Unknown,3.2287
P_1032,45,C,B9,B,Unknown,2.2986
P_1032,45,C,B10,B,Unknown,2.9695
P_1032,45,C,B11,B,Unknown,2.207
P_1032,45,C,B12,B,Blank,0.072482
P_1032,45,C,C7,B,Unknown,1.1659
P_1032,45,C,C8,B,Unknown,3.1853
P_1032,45,C,C9,B,Unknown,3.0431
P_1032,45,C,C10,B,Unknown,2.8035
P_1032,45,C,C11,B,Unknown,2.9693
P_1032,45,C,C12,B,Blank,0.081559
P_1032,45,C,D7,B,Unknown,3.0897
P_1032,45,C,D8,B,Unknown,3.0803
P_1032,45,C,D9,B,Unknown,3.2872
P_1032,45,C,D10,B,Unknown,2.8441
P_1032,45,C,D11,B,Unknown,0.68237
P_1032,45,C,D12,B,Blank,0.068455
P_1032,45,C,E7,B,Unknown,1.0363
P_1032,45,C,E8,B,Unknown,3.0373
P_1032,45,C,E9,B,Unknown,2.7463
P_1032,45,C,E10,B,Unknown,1.3356
P_1032,45,C,E11,B,Unknown,2.6588
P_1032,45,C,E12,B,Blank,0.084087
P_1032,45,C,F7,B,Unknown,3.4279
P_1032,45,C,F8,B,Unknown,3.3589
P_1032,45,C,F9,B,Unknown,2.3034
P_1032,45,C,F10,B,Unknown,2.3074
P_1032,45,C,F11,B,Unknown,1.9758
P_1032,45,C,F12,B,Negative,0.2029
P_1032,45,C,G7,B,Unknown,3.4076
P_1032,45,C,G8,B,Unknown,2.8976
P_1032,45,C,G9,B,Unknown,2.7506
P_1032,45,C,G10,B,Unknown,2.423
P_1032,45,C,G11,B,Unknown,3.3563
P_1032,45,C,G12,B,Positive,3.2703
P_1032,45,C,H7,B,Unknown,3.4334
P_1032,45,C,H8,B,Unknown,1.383
P_1032,45,C,H9,B,Unknown,3.3759
P_1032,45,C,H10,B,Unknown,2.1248
P_1032,45,C,H11,B,Unknown,3.336
P_1032,45,C,H12,B,Positive,3.2658
P_1032,45,D,A1,A,Unknown,3.0467
P_1032,45,D,A2,A,Unknown,3.4513
P_1032,45,D,A3,A,Unknown,3.3797
P_1032,45,D,A4,A,Unknown,3.512
P_1032,45,D,A5,A,Unknown,3.1292
P_1032,45,D,A6,A,Blank,0.22012
P_1032,45,D,B1,A,Unknown,1.6828
P_1032,45,D,B2,A,Unknown,3.3389
P_1032,45,D,B3,A,Unknown,2.8467
P_1032,45,D,B4,A,Unknown,3.4714
P_1032,45,D,B5,A,Unknown,3.0038
P_1032,45,D,B6,A,Blank,0.080527
P_1032,45,D,C1,A,Unknown,1.5972
P_1032,45,D,C2,A,Unknown,3.3582
P_1032,45,D,C3,A,Unknown,3.2522
P_1032,45,D,C4,A,Unknown,3.3814
P_1032,45,D,C5,A,Unknown,3.3292
P_1032,45,D,C6,A,Blank,0.074704
P_1032,45,D,D1,A,Unknown,3.3486
P_1032,45,D,D2,A,Unknown,3.3222
P_1032,45,D,D3,A,Unknown,3.4255
P_1032,45,D,D4,A,Unknown,3.3343
P_1032,45,D,D5,A,Unknown,0.99092
P_1032,45,D,D6,A,Blank,0.068656
P_1032,45,D,E1,A,Unknown,1.5497
P_1032,45,D,E2,A,Unknown,3.3886
P_1032,45,D,E3,A,Unknown,3.1555
P_1032,45,D,E4,A,Unknown,1.9847
P_1032,45,D,E5,A,Unknown,3.2359
P_1032,45,D,E6,A,Blank,0.078581
P_1032,45,D,F1,A,Unknown,3.4558
P_1032,45,D,F2,A,Unknown,3.4695
P_1032,45,D,F3,A,Unknown,2.9494
P_1032,45,D,F4,A,Unknown,3.1884
P_1032,45,D,F5,A,Unknown,3.0417
P_1032,45,D,F6,A,Negative,0.17463
P_1032,45,D,G1,A,Unknown,3.2659
P_1032,45,D,G2,A,Unknown,3.3559
P_1032,45,D,G3,A,Unknown,3.2775
P_1032,45,D,G4,A,Unknown,3.3357
P_1032,45,D,G5,A,Unknown,3.4323
P_1032,45,D,G6,A,Positive,3.37867
P_1032,45,D,H1,A,Unknown,3.4389
P_1032,45,D,H2,A,Unknown,1.7898
P_1032,45,D,H3,A,Unknown,3.4155
P_1032,45,D,H4,A,Unknown,3.1074
P_1032,45,D,H5,A,Unknown,3.4283
P_1032,45,D,H6,A,Positive,3.366138
P_1032,45,D,A7,B,Unknown,3.3567
P_1032,45,D,A8,B,Unknown,3.4329
P_1032,45,D,A9,B,Unknown,3.4726
P_1032,45,D,A10,B,Unknown,3.4808
P_1032,45,D,A11,B,Unknown,2.6308
P_1032,45,D,A12,B,Blank,0.22728
P_1032,45,D,B7,B,Unknown,1.7641
P_1032,45,D,B8,B,Unknown,3.3871
P_1032,45,D,B9,B,Unknown,3.0584
P_1032,45,D,B10,B,Unknown,3.4399
P_1032,45,D,B11,B,Unknown,2.6776
P_1032,45,D,B12,B,Blank,0.084844
P_1032,45,D,C7,B,Unknown,1.5478
P_1032,45,D,C8,B,Unknown,3.4112
P_1032,45,D,C9,B,Unknown,3.3372
P_1032,45,D,C10,B,Unknown,3.3415
P_1032,45,D,C11,B,Unknown,3.2546
P_1032,45,D,C12,B,Blank,0.069658
P_1032,45,D,D7,B,Unknown,3.3797
P_1032,45,D,D8,B,Unknown,3.3084
P_1032,45,D,D9,B,Unknown,3.4126
P_1032,45,D,D10,B,Unknown,3.3218
P_1032,45,D,D11,B,Unknown,0.85767
P_1032,45,D,D12,B,Blank,0.065758
P_1032,45,D,E7,B,Unknown,1.7474
P_1032,45,D,E8,B,Unknown,3.371
P_1032,45,D,E9,B,Unknown,3.2892
P_1032,45,D,E10,B,Unknown,1.7149
P_1032,45,D,E11,B,Unknown,3.2413
P_1032,45,D,E12,B,Blank,0.068891
P_1032,45,D,F7,B,Unknown,3.4429
P_1032,45,D,F8,B,Unknown,3.4442
P_1032,45,D,F9,B,Unknown,2.774
P_1032,45,D,F10,B,Unknown,3.0314
P_1032,45,D,F11,B,Unknown,2.8421
P_1032,45,D,F12,B,Negative,0.18488
P_1032,45,D,G7,B,Unknown,3.4683
P_1032,45,D,G8,B,Unknown,3.1777
P_1032,45,D,G9,B,Unknown,3.2691
P_1032,45,D,G10,B,Unknown,3.171
P_1032,45,D,G11,B,Unknown,3.4374
P_1032,45,D,G12,B,Positive,3.4426
P_1032,45,D,H7,B,Unknown,3.4531
P_1032,45,D,H8,B,Unknown,1.3049
P_1032,45,D,H9,B,Unknown,3.4313
P_1032,45,D,H10,B,Unknown,3.0878
P_1032,45,D,H11,B,Unknown,3.4027
P_1032,45,D,H12,B,Positive,3.4108
P_1032,45,E,A1,A,Unknown,2.426
P_1032,45,E,A2,A,Unknown,2.8519
P_1032,45,E,A3,A,Unknown,2.8356
P_1032,45,E,A4,A,Unknown,3.3633
P_1032,45,E,A5,A,Unknown,1.9079
P_1032,45,E,A6,A,Blank,0.066037
P_1032,45,E,B1,A,Unknown,1.4803
P_1032,45,E,B2,A,Unknown,3.0637
P_1032,45,E,B3,A,Unknown,2.0843
P_1032,45,E,B4,A,Unknown,3.0895
P_1032,45,E,B5,A,Unknown,2.2042
P_1032,45,E,B6,A,Blank,0.062553
P_1032,45,E,C1,A,Unknown,1.3073
P_1032,45,E,C2,A,Unknown,3.0347
P_1032,45,E,C3,A,Unknown,2.7088
P_1032,45,E,C4,A,Unknown,3.0005
P_1032,45,E,C5,A,Unknown,2.8177
P_1032,45,E,C6,A,Blank,0.058923
P_1032,45,E,D1,A,Unknown,3.0532
P_1032,45,E,D2,A,Unknown,2.9783
P_1032,45,E,D3,A,Unknown,2.9215
P_1032,45,E,D4,A,Unknown,2.9492
P_1032,45,E,D5,A,Unknown,0.84477
P_1032,45,E,D6,A,Blank,0.073355
P_1032,45,E,E1,A,Unknown,1.2495
P_1032,45,E,E2,A,Unknown,3.0545
P_1032,45,E,E3,A,Unknown,2.5064
P_1032,45,E,E4,A,Unknown,1.4405
P_1032,45,E,E5,A,Unknown,2.6887
P_1032,45,E,E6,A,Blank,0.060919
P_1032,45,E,F1,A,Unknown,3.2938
P_1032,45,E,F2,A,Unknown,3.3322
P_1032,45,E,F3,A,Unknown,2.1738
P_1032,45,E,F4,A,Unknown,2.6253
P_1032,45,E,F5,A,Unknown,2.2834
P_1032,45,E,F6,A,Negative,0.17196
P_1032,45,E,G1,A,Unknown,3.2678
P_1032,45,E,G2,A,Unknown,2.7742
P_1032,45,E,G3,A,Unknown,2.4882
P_1032,45,E,G4,A,Unknown,2.733
P_1032,45,E,G5,A,Unknown,3.134
P_1032,45,E,G6,A,Positive,3.2646
P_1032,45,E,H1,A,Unknown,3.1527
P_1032,45,E,H2,A,Unknown,1.4142
P_1032,45,E,H3,A,Unknown,3.1945
P_1032,45,E,H4,A,Unknown,2.5791
P_1032,45,E,H5,A,Unknown,3.0687
P_1032,45,E,H6,A,Positive,3.3189
P_1032,45,E,A7,B,Unknown,2.0442
P_1032,45,E,A8,B,Unknown,2.942
P_1032,45,E,A9,B,Unknown,2.8762
P_1032,45,E,A10,B,Unknown,3.3475
P_1032,45,E,A11,B,Unknown,2.1402
P_1032,45,E,A12,B,Blank,0.075075
P_1032,45,E,B7,B,Unknown,1.312
P_1032,45,E,B8,B,Unknown,3.0815
P_1032,45,E,B9,B,Unknown,2.093
P_1032,45,E,B10,B,Unknown,3.1938
P_1032,45,E,B11,B,Unknown,2.1716
P_1032,45,E,B12,B,Blank,0.076115
P_1032,45,E,C7,B,Unknown,1.1742
P_1032,45,E,C8,B,Unknown,2.97
P_1032,45,E,C9,B,Unknown,2.4462
P_1032,45,E,C10,B,Unknown,3.1394
P_1032,45,E,C11,B,Unknown,2.7702
P_1032,45,E,C12,B,Blank,0.090517
P_1032,45,E,D7,B,Unknown,2.9593
P_1032,45,E,D8,B,Unknown,2.9288
P_1032,45,E,D9,B,Unknown,3.0617
P_1032,45,E,D10,B,Unknown,2.8971
P_1032,45,E,D11,B,Unknown,0.71715
P_1032,45,E,D12,B,Blank,0.061081
P_1032,45,E,E7,B,Unknown,1.0323
P_1032,45,E,E8,B,Unknown,2.8769
P_1032,45,E,E9,B,Unknown,2.5795
P_1032,45,E,E10,B,Unknown,1.3795
P_1032,45,E,E11,B,Unknown,2.5427
P_1032,45,E,E12,B,Blank,0.05555
P_1032,45,E,F7,B,Unknown,3.2144
P_1032,45,E,F8,B,Unknown,3.1546
P_1032,45,E,F9,B,Unknown,2.1188
P_1032,45,E,F10,B,Unknown,2.5404
P_1032,45,E,F11,B,Unknown,2.2384
P_1032,45,E,F12,B,Negative,0.16875
P_1032,45,E,G7,B,Unknown,3.2472
P_1032,45,E,G8,B,Unknown,2.4772
P_1032,45,E,G9,B,Unknown,2.3997
P_1032,45,E,G10,B,Unknown,2.6565
P_1032,45,E,G11,B,Unknown,3.1083
P_1032,45,E,G12,B,Positive,3.2276
P_1032,45,E,H7,B,Unknown,3.2968
P_1032,45,E,H8,B,Unknown,1.1107
P_1032,45,E,H9,B,Unknown,3.0079
P_1032,45,E,H10,B,Unknown,2.3414
P_1032,45,E,H11,B,Unknown,2.9749
P_1032,45,E,H12,B,Positive,3.2922
P_12345,45,A,A1,A,Unknown,3.4698
P_12345,45,A,A2,A,Unknown,3.4352
P_12345,45,A,A3,A,Unknown,3.1919
P_12345,45,A,A4,A,Unknown,1.7554
P_12345,45,A,A5,A,Unknown,2.728
P_12345,45,A,A6,A,Blank,0.088835
P_12345,45,A,A7,B,Unknown,3.4626
P_12345,45,A,A8,B,Unknown,3.3922
P_12345,45,A,A9,B,Unknown,3.0746
P_12345,45,A,A10,B,Unknown,1.9741
P_12345,45,A,A11,B,Unknown,2.7261
P_12345,45,A,A12,A,Blank,0.12417
P_12345,45,A,B6,A,Blank,0.062458
P_12345,45,A,C6,A,Blank,0.075608
P_12345,45,A,D6,A,Blank,0.096043
P_12345,45,A,E6,A,Blank,0.06023
P_12345,45,A,F6,A,Negative,0.14151
P_12345,45,A,G6,A,Positive,3.4233
P_12345,45,A,H6,A,Positive,3.4617
P_12345,45,A,B12,B,Blank,0.10937
P_12345,45,A,C12,B,Blank,0.1223
P_12345,45,A,D12,B,Blank,0.077363
P_12345,45,A,E12,B,Blank,0.097825
P_12345,45,A,F12,B,Negative,0.15973
P_12345,45,A,G12,B,Positive,3.4488
P_12345,45,A,H12,B,Positive,3.4584
P_12345,45,B,A1,A,Unknown,3.4804
P_12345,45,B,A2,A,Unknown,3.443
P_12345,45,B,A3,A,Unknown,3.4202
P_12345,45,B,A4,A,Unknown,2.2465
P_12345,45,B,A5,A,Unknown,3.02
P_12345,45,B,A6,A,Blank,0.13677
P_12345,45,B,A7,B,Unknown,3.4641
P_12345,45,B,A8,B,Unknown,3.6219
P_12345,45,B,A9,B,Unknown,3.2718
P_12345,45,B,A10,B,Unknown,2.4509
P_12345,45,B,A11,B,Unknown,3.1893
P_12345,45,B,A12,A,Blank,0.080519
P_12345,45,B,B6,A,Blank,0.064962
P_12345,45,B,C6,A,Blank,0.062166
P_12345,45,B,D6,A,Blank,0.060383
P_12345,45,B,E6,A,Blank,0.078702
P_12345,45,B,F6,A,Negative,0.17998
P_12345,45,B,G6,A,Positive,3.3959
P_12345,45,B,H6,A,Positive,3.4287
P_12345,45,B,B12,B,Blank,0.06106
P_12345,45,B,C12,B,Blank,0.063925
P_12345,45,B,D12,B,Blank,0.068523
P_12345,45,B,E12,B,Blank,0.061414
P_12345,45,B,F12,B,Negative,0.18865
P_12345,45,B,G12,B,Positive,3.4406
P_12345,45,B,H12,B,Positive,3.4362
P_12345,45,C,A1,A,Unknown,3.2494
P_12345,45,C,A2,A,Unknown,2.0452
P_12345,45,C,A3,A,Unknown,1.7688
P_12345,45,C,A4,A,Unknown,1.0864
P_12345,45,C,A5,A,Unknown,1.3119
P_12345,45,C,A6,A,Blank,0.11038
P_12345,45,C,A7,B,Unknown,3.3211
P_12345,45,C,A8,B,Unknown,2.5579
P_12345,45,C,A9,B,Unknown,1.9539
P_12345,45,C,A10,B,Unknown,1.3478
P_12345,45,C,A11,B,Unknown,1.7475
P_12345,45,C,A12,A,Blank,0.19733
P_12345,45,C,B6,A,Blank,0.092749
P_12345,45,C,C6,A,Blank,0.058645
P_12345,45,C,D6,A,Blank,0.072723
P_12345,45,C,E6,A,Blank,0.098532
P_12345,45,C,F6,A,Negative,0.18542
P_12345,45,C,G6,A,Positive,3.3782
P_12345,45,C,H6,A,Positive,3.4311
P_12345,45,C,B12,B,Blank,0.22082
P_12345,45,C,C12,B,Blank,0.24522
P_12345,45,C,D12,B,Blank,0.28064
P_12345,45,C,E12,B,Blank,0.24337
P_12345,45,C,F12,B,Negative,0.28824
P_12345,45,C,G12,B,Positive,3.2372
P_12345,45,C,H12,B,Positive,3.352
P_12345,45,D,A1,A,Unknown,3.3592
P_12345,45,D,A2,A,Unknown,3.3364
P_12345,45,D,A3,A,Unknown,2.8287
P_12345,45,D,A4,A,Unknown,1.3814
P_12345,45,D,A5,A,Unknown,1.7693
P_12345,45,D,A6,A,Blank,0.31233
P_12345,45,D,A7,B,Unknown,3.4614
P_12345,45,D,A8,B,Unknown,3.0651
P_12345,45,D,A9,B,Unknown,1.7856
P_12345,45,D,A10,B,Unknown,1.2632
P_12345,45,D,A11,B,Unknown,2.3532
P_12345,45,D,A12,A,Blank,0.53447
P_12345,45,D,B6,A,Blank,0.14593
P_12345,45,D,C6,A,Blank,0.10367
P_12345,45,D,D6,A,Blank,0.07419
P_12345,45,D,E6,A,Blank,0.074624
P_12345,45,D,F6,A,Negative,0.21308
P_12345,45,D,G6,A,Positive,3.3779
P_12345,45,D,H6,A,Positive,3.3422
P_12345,45,D,B12,B,Blank,0.2457
P_12345,45,D,C12,B,Blank,0.18419
P_12345,45,D,D12,B,Blank,0.12654
P_12345,45,D,E12,B,Blank,0.1268
P_12345,45,D,F12,B,Negative,0.2093
P_12345,45,D,G12,B,Positive,3.3132
P_12345,45,D,H12,B,Positive,3.2981
P_12345,45,E,A1,A,Unknown,3.2287
P_12345,45,E,A2,A,Unknown,2.4127
P_12345,45,E,A3,A,Unknown,1.5433
P_12345,45,E,A4,A,Unknown,0.86228
P_12345,45,E,A5,A,Unknown,1.439
P_12345,45,E,A6,A,Blank,0.063221
P_12345,45,E,A7,B,Unknown,2.9683
P_12345,45,E,A8,B,Unknown,2.1329
P_12345,45,E,A9,B,Unknown,1.7332
P_12345,45,E,A10,B,Unknown,0.90892
P_12345,45,E,A11,B,Unknown,1.6923
P_12345,45,E,A12,A,Blank,0.059988
P_12345,45,E,B6,A,Blank,0.064022
P_12345,45,E,C6,A,Blank,0.0665
P_12345,45,E,D6,A,Blank,0.063007
P_12345,45,E,E6,A,Blank,0.08101
P_12345,45,E,F6,A,Negative,0.14781
P_12345,45,E,G6,A,Positive,3.2429
P_12345,45,E,H6,A,Positive,3.1616
P_12345,45,E,B12,B,Blank,0.082279
P_12345,45,E,C12,B,Blank,0.060832
P_12345,45,E,D12,B,Blank,0.065965
P_12345,45,E,E12,B,Blank,0.060904
P_12345,45,E,F12,B,Negative,0.17779
P_12345,45,E,G12,B,Positive,3.347
P_12345,45,E,H12,B,Positive,3.3153
